,year,month,day,total_sessions_x,total_carts,total_checkouts,total_orders_placed,total_conversion,orders,gross_sales,discounts,returns,net_sales,shipping,taxes,total_sales,total_visitors,total_sessions_y
0,2017,1,1,1718,116,60,38,0.0,42,1533.0,-9.0,0.0,1524.0,21.0,0.0,1545.0,1672,1718
1,2017,1,2,2117,139,82,51,0.0,55,2012.0,-13.0,-211.0,1788.0,0.0,0.0,1788.0,2070,2117
2,2017,1,3,1927,148,84,53,1.0,53,1932.0,-20.0,-91.0,1821.0,11.0,0.0,1832.0,1883,1927
3,2017,1,4,1935,146,77,54,1.0,59,2357.0,-74.0,0.0,2283.0,33.0,0.0,2316.0,1906,1935
4,2017,1,5,2071,141,75,51,1.0,56,2077.0,-29.0,-105.0,1944.0,24.0,0.0,1968.0,2024,2071
5,2017,1,6,1889,140,77,43,1.0,43,1613.0,-9.0,-70.0,1534.0,11.0,0.0,1545.0,1852,1889
6,2017,1,7,1758,158,108,69,1.0,73,2576.0,-32.0,0.0,2544.0,22.0,0.0,2566.0,1719,1758
7,2017,1,8,1983,136,64,32,0.0,38,1433.0,-31.0,-70.0,1332.0,0.0,0.0,1332.0,1939,1983
8,2017,1,9,1834,143,82,56,1.0,57,2203.0,0.0,0.0,2203.0,19.0,0.0,2222.0,1781,1834
9,2017,1,10,2814,128,75,46,1.0,49,1726.0,0.0,-20.0,1706.0,11.0,0.0,1717.0,2785,2814
10,2017,1,11,2249,119,52,37,0.0,39,1377.0,-9.0,0.0,1367.0,0.0,1.0,1368.0,2212,2249
11,2017,1,12,1742,121,65,48,1.0,51,1771.0,0.0,-11.0,1760.0,11.0,0.0,1771.0,1698,1742
12,2017,1,13,1510,114,65,47,1.0,52,1875.0,-20.0,-35.0,1820.0,35.0,0.0,1855.0,1470,1510
13,2017,1,14,1571,110,63,40,1.0,46,1614.0,0.0,0.0,1614.0,0.0,0.0,1614.0,1524,1571
14,2017,1,15,2084,115,60,37,0.0,41,1536.0,-37.0,-105.0,1393.0,11.0,1.0,1405.0,2044,2084
15,2017,1,16,2163,146,74,53,1.0,56,2203.0,0.0,-14.0,2189.0,0.0,0.0,2189.0,2123,2163
16,2017,1,17,1759,115,56,36,0.0,41,1501.0,-17.0,0.0,1483.0,0.0,1.0,1484.0,1726,1759
17,2017,1,18,1868,139,77,51,1.0,55,1938.0,0.0,0.0,1938.0,0.0,0.0,1938.0,1819,1868
18,2017,1,19,1892,140,78,53,1.0,55,1912.0,-9.0,0.0,1903.0,8.0,0.0,1911.0,1843,1892
19,2017,1,20,856,57,38,24,1.0,28,987.0,-29.0,-25.0,933.0,29.0,0.0,962.0,829,856
20,2017,1,21,1641,115,60,42,0.0,46,1703.0,-26.0,0.0,1677.0,11.0,0.0,1688.0,1616,1641
21,2017,1,22,1844,157,76,51,1.0,55,1963.0,-13.0,-35.0,1915.0,16.0,0.0,1931.0,1807,1844
22,2017,1,23,1762,104,57,40,0.0,41,1458.0,-11.0,0.0,1446.0,0.0,0.0,1446.0,1714,1762
23,2017,1,24,1681,122,71,39,0.0,44,1643.0,-20.0,-3.0,1620.0,19.0,0.0,1639.0,1636,1681
24,2017,1,25,1670,115,72,48,1.0,49,1748.0,-9.0,-35.0,1705.0,21.0,0.0,1726.0,1632,1670
25,2017,1,26,1628,121,69,42,1.0,48,1801.0,-37.0,-25.0,1739.0,27.0,0.0,1766.0,1586,1628
26,2017,1,27,1325,84,52,35,1.0,37,1326.0,-11.0,-70.0,1245.0,8.0,0.0,1253.0,1301,1325
27,2017,1,28,1321,92,44,30,1.0,33,1144.0,-29.0,-35.0,1081.0,22.0,0.0,1103.0,1285,1321
28,2017,1,29,1556,120,57,37,1.0,41,1457.0,-9.0,0.0,1448.0,11.0,0.0,1459.0,1524,1556
29,2017,1,30,1453,110,65,39,1.0,41,1474.0,0.0,0.0,1474.0,24.0,0.0,1498.0,1416,1453
30,2017,1,31,1455,105,57,38,1.0,38,1330.0,0.0,-60.0,1270.0,11.0,0.0,1281.0,1415,1455
31,2017,2,1,1445,95,58,39,1.0,42,1539.0,0.0,0.0,1539.0,0.0,0.0,1539.0,1412,1445
32,2017,2,2,1320,94,49,32,1.0,34,1233.0,-20.0,0.0,1213.0,11.0,0.0,1224.0,1305,1320
33,2017,2,3,1311,106,66,45,1.0,48,1744.0,-26.0,-35.0,1684.0,11.0,0.0,1695.0,1286,1311
34,2017,2,4,1395,100,70,50,1.0,51,1839.0,-9.0,0.0,1830.0,0.0,1.0,1831.0,1366,1395
35,2017,2,5,1443,111,63,42,1.0,47,1885.0,-11.0,-45.0,1829.0,48.0,0.0,1877.0,1408,1443
36,2017,2,6,1434,93,52,33,0.0,33,1128.0,0.0,0.0,1128.0,24.0,0.0,1152.0,1407,1434
37,2017,2,7,1516,103,56,38,1.0,39,1385.0,0.0,0.0,1385.0,13.0,0.0,1398.0,1487,1516
38,2017,2,8,1416,89,49,35,1.0,41,1417.0,-24.0,0.0,1393.0,8.0,1.0,1402.0,1389,1416
39,2017,2,9,1423,102,70,45,1.0,50,1771.0,-23.0,-48.0,1700.0,-5.0,0.0,1695.0,1401,1423
40,2017,2,10,1187,92,54,40,1.0,42,1545.0,0.0,0.0,1545.0,24.0,0.0,1569.0,1168,1187
41,2017,2,11,1232,100,56,33,1.0,35,1267.0,0.0,0.0,1267.0,13.0,0.0,1280.0,1200,1232
42,2017,2,12,1502,106,62,42,1.0,46,1632.0,-11.0,0.0,1621.0,0.0,0.0,1621.0,1452,1502
43,2017,2,13,1464,94,53,37,1.0,42,1405.0,-25.0,0.0,1380.0,0.0,0.0,1380.0,1437,1464
44,2017,2,14,1191,74,47,30,1.0,32,1253.0,0.0,-25.0,1228.0,26.0,0.0,1254.0,1161,1191
45,2017,2,15,1288,82,48,36,1.0,37,1262.0,0.0,0.0,1262.0,11.0,0.0,1273.0,1273,1288
46,2017,2,16,1364,95,52,41,1.0,40,1419.0,0.0,0.0,1419.0,32.0,0.0,1451.0,1323,1364
47,2017,2,17,1246,101,62,46,1.0,54,1891.0,-3.0,-35.0,1853.0,0.0,0.0,1853.0,1204,1246
48,2017,2,18,1259,72,39,27,0.0,34,1307.0,-22.0,0.0,1285.0,24.0,0.0,1309.0,1232,1259
49,2017,2,19,1290,77,46,34,1.0,39,1416.0,-9.0,-20.0,1387.0,30.0,0.0,1417.0,1255,1290
50,2017,2,20,1529,116,60,39,1.0,45,1701.0,-20.0,0.0,1681.0,13.0,0.0,1694.0,1491,1529
51,2017,2,21,1510,101,60,37,1.0,41,1506.0,-20.0,-35.0,1451.0,65.0,1.0,1517.0,1468,1510
52,2017,2,22,1482,75,48,33,0.0,37,1312.0,0.0,0.0,1312.0,0.0,3.0,1315.0,1458,1482
53,2017,2,23,1433,92,61,35,1.0,39,1292.0,-9.0,0.0,1283.0,0.0,0.0,1283.0,1407,1433
54,2017,2,24,1185,95,60,46,1.0,54,1913.0,-11.0,-25.0,1877.0,13.0,0.0,1890.0,1145,1185
55,2017,2,25,1034,84,49,31,1.0,42,1518.0,-11.0,0.0,1507.0,11.0,0.0,1518.0,1007,1034
56,2017,2,26,1229,84,52,34,1.0,40,1432.0,-18.0,0.0,1414.0,32.0,0.0,1446.0,1201,1229
57,2017,2,27,1255,99,59,46,1.0,54,1918.0,0.0,0.0,1918.0,19.0,1.0,1938.0,1230,1255
58,2017,2,28,1365,115,75,51,1.0,54,2100.0,-3.0,0.0,2097.0,41.0,0.0,2138.0,1338,1365
59,2017,3,1,1459,108,65,53,1.0,59,1983.0,-20.0,-35.0,1928.0,8.0,0.0,1936.0,1424,1459
60,2017,3,2,1442,104,54,39,1.0,40,1352.0,-16.0,0.0,1336.0,27.0,0.0,1363.0,1416,1442
61,2017,3,3,1248,90,55,42,1.0,43,1505.0,0.0,-35.0,1470.0,0.0,0.0,1470.0,1216,1248
62,2017,3,4,1238,91,56,36,1.0,39,1424.0,-11.0,0.0,1413.0,0.0,0.0,1413.0,1216,1238
63,2017,3,5,1422,98,58,45,1.0,49,1681.0,-19.0,0.0,1662.0,22.0,0.0,1684.0,1383,1422
64,2017,3,6,1366,110,71,52,1.0,56,1879.0,-9.0,0.0,1869.0,35.0,0.0,1904.0,1338,1366
65,2017,3,7,1360,103,66,46,1.0,47,1727.0,-20.0,-125.0,1582.0,19.0,0.0,1601.0,1334,1360
66,2017,3,8,1338,92,54,38,1.0,42,1493.0,-21.0,-35.0,1437.0,0.0,0.0,1437.0,1315,1338
67,2017,3,9,1292,84,50,40,1.0,44,1562.0,-9.0,0.0,1554.0,0.0,0.0,1554.0,1265,1292
68,2017,3,10,1298,122,77,57,1.0,61,2168.0,-6.0,0.0,2161.0,19.0,0.0,2180.0,1261,1298
69,2017,3,11,1297,103,56,34,1.0,37,1383.0,0.0,0.0,1383.0,11.0,0.0,1394.0,1277,1297
70,2017,3,12,1391,105,55,45,1.0,47,1659.0,-6.0,0.0,1653.0,38.0,0.0,1691.0,1351,1391
71,2017,3,13,1361,94,53,36,1.0,36,1276.0,0.0,0.0,1276.0,16.0,1.0,1293.0,1327,1361
72,2017,3,14,1476,118,74,45,1.0,49,1713.0,-32.0,0.0,1681.0,21.0,0.0,1702.0,1442,1476
73,2017,3,15,1550,121,79,43,1.0,47,1703.0,-21.0,0.0,1682.0,19.0,0.0,1701.0,1522,1550
74,2017,3,16,1526,129,74,44,1.0,50,2152.0,-118.0,0.0,2035.0,40.0,1.0,2076.0,1480,1526
75,2017,3,17,1196,92,50,38,1.0,40,1390.0,-24.0,0.0,1366.0,22.0,0.0,1388.0,1168,1196
76,2017,3,18,1176,86,51,34,1.0,37,1387.0,-3.0,0.0,1383.0,11.0,0.0,1394.0,1151,1176
77,2017,3,19,1337,99,62,45,1.0,48,1693.0,-17.0,-95.0,1580.0,41.0,0.0,1621.0,1308,1337
78,2017,3,20,1377,84,58,41,1.0,44,1446.0,0.0,-70.0,1376.0,0.0,0.0,1376.0,1356,1377
79,2017,3,21,1420,108,59,37,1.0,42,1564.0,-17.0,0.0,1547.0,8.0,0.0,1555.0,1380,1420
80,2017,3,22,1303,82,47,36,1.0,39,1374.0,-17.0,0.0,1356.0,19.0,0.0,1375.0,1283,1303
81,2017,3,23,1005,64,39,27,1.0,27,1000.0,-19.0,0.0,980.0,35.0,0.0,1015.0,980,1005
82,2017,3,24,1007,68,43,24,0.0,25,840.0,-11.0,0.0,828.0,0.0,0.0,828.0,982,1007
83,2017,3,25,1036,68,40,26,1.0,27,1002.0,-9.0,0.0,993.0,0.0,0.0,993.0,1008,1036
84,2017,3,26,1270,104,60,37,1.0,41,1376.0,-13.0,-25.0,1338.0,8.0,0.0,1346.0,1243,1270
85,2017,3,27,1414,95,53,31,0.0,33,1145.0,-13.0,0.0,1132.0,0.0,1.0,1133.0,1380,1414
86,2017,3,28,1250,93,54,36,1.0,39,1319.0,-35.0,0.0,1284.0,30.0,0.0,1314.0,1216,1250
87,2017,3,29,1103,97,52,40,1.0,42,1575.0,0.0,0.0,1575.0,13.0,0.0,1588.0,1051,1103
88,2017,3,30,1218,75,40,29,1.0,31,1086.0,0.0,0.0,1086.0,0.0,0.0,1086.0,1172,1218
89,2017,3,31,980,76,47,34,1.0,38,1436.0,-17.0,-25.0,1393.0,11.0,0.0,1404.0,938,980
90,2017,4,1,821,52,29,18,1.0,19,852.0,0.0,0.0,852.0,0.0,0.0,852.0,796,821
91,2017,4,2,1080,88,50,40,1.0,44,1590.0,0.0,-70.0,1521.0,24.0,0.0,1544.0,1042,1080
92,2017,4,3,1016,52,29,21,0.0,23,875.0,-9.0,-275.0,591.0,11.0,0.0,602.0,989,1016
93,2017,4,4,1072,60,31,18,0.0,20,747.0,0.0,-105.0,642.0,32.0,1.0,675.0,1053,1072
94,2017,4,5,929,72,37,24,0.0,27,1171.0,0.0,-118.0,1053.0,8.0,0.0,1061.0,895,929
95,2017,4,6,914,70,44,32,1.0,34,1165.0,0.0,0.0,1165.0,0.0,0.0,1165.0,877,914
96,2017,4,7,837,50,27,20,0.0,24,812.0,-17.0,-130.0,664.0,8.0,0.0,672.0,815,837
97,2017,4,8,822,45,24,14,0.0,15,507.0,0.0,-35.0,472.0,0.0,0.0,472.0,797,822
98,2017,4,9,917,68,38,27,1.0,27,899.0,0.0,-70.0,829.0,0.0,0.0,829.0,893,917
99,2017,4,10,1034,65,34,25,1.0,26,978.0,0.0,0.0,978.0,19.0,0.0,997.0,1000,1034
100,2017,4,11,1193,74,47,33,1.0,33,1327.0,-11.0,0.0,1316.0,38.0,0.0,1354.0,1157,1193
101,2017,4,12,1255,81,43,28,0.0,29,999.0,0.0,-310.0,690.0,0.0,0.0,690.0,1220,1255
102,2017,4,13,1277,100,61,43,1.0,46,1513.0,-4.0,-95.0,1414.0,35.0,0.0,1449.0,1239,1277
103,2017,4,14,1222,89,54,36,1.0,39,1431.0,-12.0,-117.0,1301.0,35.0,0.0,1336.0,1185,1222
104,2017,4,15,1142,80,38,23,0.0,24,809.0,0.0,-115.0,694.0,0.0,1.0,695.0,1100,1142
105,2017,4,16,1061,66,39,30,1.0,33,1179.0,-17.0,0.0,1162.0,0.0,0.0,1162.0,1031,1061
106,2017,4,17,1184,83,55,35,1.0,35,1333.0,-11.0,-45.0,1277.0,32.0,0.0,1309.0,1141,1184
107,2017,4,18,1351,122,74,46,1.0,49,1660.0,-9.0,0.0,1652.0,32.0,0.0,1684.0,1304,1351
108,2017,4,19,1476,99,68,54,1.0,56,1969.0,0.0,-61.0,1908.0,30.0,0.0,1938.0,1427,1476
109,2017,4,20,1195,75,35,24,0.0,26,935.0,0.0,-150.0,785.0,13.0,0.0,798.0,1167,1195
110,2017,4,21,1468,121,68,36,1.0,39,1334.0,-22.0,-35.0,1277.0,24.0,0.0,1301.0,1421,1468
111,2017,4,22,1939,155,73,46,1.0,51,1924.0,-15.0,0.0,1909.0,89.0,0.0,1998.0,1877,1939
112,2017,4,23,2384,202,111,68,1.0,71,2802.0,0.0,-95.0,2707.0,144.0,1.0,2852.0,2290,2384
113,2017,4,24,1915,153,95,69,1.0,76,2679.0,-38.0,0.0,2640.0,143.0,0.0,2783.0,1832,1915
114,2017,4,25,1818,136,81,53,1.0,54,1947.0,0.0,0.0,1947.0,65.0,0.0,2012.0,1765,1818
115,2017,4,26,1720,117,73,44,1.0,51,1888.0,-43.0,0.0,1845.0,44.0,0.0,1889.0,1674,1720
116,2017,4,27,1820,155,93,66,1.0,70,2581.0,0.0,0.0,2581.0,26.0,0.0,2607.0,1747,1820
117,2017,4,28,1548,108,58,37,1.0,43,1498.0,-29.0,0.0,1469.0,60.0,1.0,1530.0,1496,1548
118,2017,4,29,1545,90,55,42,1.0,45,1632.0,-6.0,-35.0,1590.0,11.0,0.0,1601.0,1492,1545
119,2017,4,30,1729,136,82,53,1.0,57,2086.0,-20.0,0.0,2066.0,30.0,0.0,2096.0,1671,1729
120,2017,5,1,1743,153,91,64,1.0,67,2432.0,-21.0,0.0,2411.0,35.0,0.0,2446.0,1676,1743
121,2017,5,2,1677,133,77,52,1.0,57,1963.0,-9.0,0.0,1954.0,11.0,0.0,1965.0,1621,1677
122,2017,5,3,1561,135,81,55,1.0,59,2116.0,-11.0,0.0,2104.0,0.0,0.0,2104.0,1510,1561
123,2017,5,4,1454,97,56,43,1.0,45,1566.0,-20.0,0.0,1546.0,22.0,0.0,1568.0,1396,1454
124,2017,5,5,1294,88,49,34,1.0,39,1405.0,0.0,0.0,1405.0,24.0,0.0,1429.0,1242,1294
125,2017,5,6,1259,95,55,40,1.0,41,1417.0,-20.0,0.0,1397.0,13.0,0.0,1410.0,1214,1259
126,2017,5,7,1481,119,67,43,1.0,46,1902.0,-9.0,-35.0,1858.0,40.0,0.0,1898.0,1427,1481
127,2017,5,8,1478,101,64,44,1.0,47,1564.0,-30.0,0.0,1533.0,16.0,0.0,1549.0,1437,1478
128,2017,5,9,1361,118,69,50,1.0,53,2009.0,0.0,0.0,2009.0,53.0,0.0,2062.0,1329,1361
129,2017,5,10,1209,89,50,40,1.0,43,1580.0,-20.0,-35.0,1525.0,37.0,0.0,1562.0,1176,1209
130,2017,5,11,1390,91,46,33,1.0,38,1306.0,-24.0,-26.0,1256.0,29.0,0.0,1285.0,1345,1390
131,2017,5,12,1176,76,45,34,1.0,40,1397.0,-29.0,-103.0,1265.0,40.0,0.0,1305.0,1126,1176
132,2017,5,13,1008,69,38,23,0.0,24,828.0,0.0,0.0,828.0,11.0,0.0,839.0,970,1008
133,2017,5,14,1236,81,54,45,1.0,43,1538.0,0.0,0.0,1538.0,0.0,0.0,1538.0,1193,1236
134,2017,5,15,1303,94,50,36,1.0,41,1386.0,-16.0,0.0,1370.0,8.0,0.0,1377.0,1254,1303
135,2017,5,16,1197,69,44,27,0.0,28,1190.0,-3.0,-200.0,987.0,8.0,2.0,997.0,1158,1197
136,2017,5,17,1242,86,50,35,1.0,38,1318.0,0.0,0.0,1318.0,41.0,0.0,1359.0,1196,1242
137,2017,5,18,1231,90,51,36,1.0,37,1233.0,-18.0,-115.0,1100.0,11.0,0.0,1111.0,1205,1231
138,2017,5,19,967,67,31,23,1.0,25,895.0,-9.0,0.0,887.0,0.0,0.0,887.0,935,967
139,2017,5,20,1001,62,41,31,1.0,32,1059.0,0.0,0.0,1059.0,40.0,2.0,1101.0,950,1001
140,2017,5,21,1149,71,39,29,0.0,30,1157.0,0.0,0.0,1157.0,27.0,1.0,1186.0,1113,1149
141,2017,5,22,1212,67,39,29,1.0,30,1051.0,-9.0,0.0,1043.0,27.0,2.0,1072.0,1171,1212
142,2017,5,23,1092,71,28,21,0.0,23,816.0,-11.0,0.0,804.0,0.0,0.0,804.0,1058,1092
143,2017,5,24,1068,51,35,25,1.0,29,1166.0,-11.0,0.0,1155.0,0.0,0.0,1155.0,1046,1068
144,2017,5,25,1086,58,33,24,0.0,26,916.0,-9.0,-25.0,882.0,0.0,0.0,882.0,1058,1086
145,2017,5,26,849,51,28,17,0.0,18,592.0,-6.0,0.0,586.0,0.0,0.0,586.0,821,849
146,2017,5,27,781,50,29,21,0.0,22,830.0,-9.0,0.0,821.0,13.0,0.0,834.0,755,781
147,2017,5,28,844,50,29,20,1.0,20,870.0,0.0,0.0,870.0,21.0,2.0,893.0,802,844
148,2017,5,29,919,56,32,21,1.0,22,795.0,0.0,0.0,795.0,11.0,0.0,806.0,880,919
149,2017,5,30,923,57,35,25,1.0,27,968.0,0.0,0.0,968.0,11.0,0.0,978.0,894,923
150,2017,5,31,988,39,23,14,0.0,16,543.0,-10.0,0.0,533.0,0.0,0.0,533.0,960,988
151,2017,6,1,975,58,40,26,1.0,28,928.0,-6.0,-45.0,876.0,0.0,0.0,876.0,939,975
152,2017,6,2,830,53,34,24,1.0,29,1091.0,-23.0,0.0,1068.0,8.0,3.0,1079.0,807,830
153,2017,6,3,768,41,25,19,1.0,22,920.0,-20.0,0.0,900.0,0.0,0.0,900.0,735,768
154,2017,6,4,868,58,33,21,0.0,21,778.0,0.0,0.0,778.0,0.0,0.0,778.0,836,868
155,2017,6,5,989,65,36,26,1.0,26,977.0,0.0,0.0,977.0,11.0,1.0,988.0,967,989
156,2017,6,6,921,49,30,20,0.0,22,849.0,0.0,0.0,849.0,0.0,0.0,849.0,899,921
157,2017,6,7,970,62,37,28,1.0,30,1076.0,-12.0,0.0,1065.0,35.0,1.0,1100.0,937,970
158,2017,6,8,916,58,34,23,1.0,24,812.0,0.0,0.0,812.0,0.0,0.0,812.0,888,916
159,2017,6,9,926,53,39,28,1.0,31,1148.0,-15.0,0.0,1133.0,22.0,0.0,1155.0,890,926
160,2017,6,10,905,63,39,26,1.0,32,1190.0,-17.0,0.0,1173.0,0.0,1.0,1173.0,863,905
161,2017,6,11,984,62,25,13,0.0,16,590.0,0.0,0.0,590.0,0.0,0.0,590.0,957,984
162,2017,6,12,1064,70,42,26,1.0,29,995.0,-29.0,0.0,966.0,11.0,0.0,977.0,1029,1064
163,2017,6,13,1016,64,36,24,1.0,25,840.0,-6.0,0.0,833.0,24.0,0.0,857.0,979,1016
164,2017,6,14,980,74,43,32,1.0,34,1134.0,-17.0,0.0,1117.0,0.0,0.0,1117.0,941,980
165,2017,6,15,919,48,27,18,0.0,19,674.0,0.0,0.0,674.0,0.0,0.0,674.0,889,919
166,2017,6,16,849,58,35,26,1.0,27,927.0,-6.0,0.0,920.0,19.0,0.0,940.0,821,849
167,2017,6,17,794,43,16,13,0.0,14,522.0,0.0,0.0,522.0,8.0,0.0,531.0,770,794
168,2017,6,18,908,51,30,19,1.0,19,614.0,-3.0,0.0,611.0,0.0,0.0,611.0,880,908
169,2017,6,19,1110,68,36,19,0.0,22,797.0,-9.0,-34.0,754.0,43.0,1.0,798.0,1060,1110
170,2017,6,20,1052,64,42,24,0.0,26,929.0,-9.0,0.0,920.0,22.0,1.0,943.0,1018,1052
171,2017,6,21,924,57,28,23,1.0,25,962.0,-6.0,0.0,956.0,11.0,0.0,967.0,880,924
172,2017,6,22,1045,73,42,27,1.0,31,1284.0,0.0,-202.0,1082.0,8.0,1.0,1091.0,1008,1045
173,2017,6,23,969,61,31,23,0.0,24,827.0,-11.0,0.0,815.0,0.0,0.0,815.0,934,969
174,2017,6,24,892,64,38,23,1.0,27,1031.0,-9.0,0.0,1023.0,8.0,1.0,1032.0,859,892
175,2017,6,25,939,71,35,18,0.0,19,678.0,0.0,-35.0,643.0,0.0,0.0,643.0,899,939
176,2017,6,26,1059,55,32,22,0.0,29,1045.0,-12.0,0.0,1034.0,11.0,0.0,1045.0,1024,1059
177,2017,6,27,1124,59,35,21,0.0,25,1166.0,-52.0,-25.0,1089.0,19.0,1.0,1109.0,1086,1124
178,2017,6,28,1045,62,33,22,0.0,24,850.0,0.0,0.0,850.0,0.0,0.0,850.0,1008,1045
179,2017,6,29,1099,71,38,26,1.0,28,1006.0,-9.0,0.0,998.0,11.0,0.0,1009.0,1051,1099
180,2017,6,30,981,68,32,25,1.0,32,1069.0,-9.0,0.0,1060.0,0.0,0.0,1060.0,941,981
181,2017,7,1,861,55,26,20,0.0,22,896.0,-11.0,0.0,884.0,22.0,0.0,906.0,825,861
182,2017,7,2,1020,58,29,20,0.0,21,826.0,0.0,-35.0,791.0,13.0,0.0,804.0,976,1020
183,2017,7,3,1026,54,23,17,0.0,20,708.0,0.0,0.0,708.0,11.0,1.0,720.0,987,1026
184,2017,7,4,842,37,18,12,0.0,13,410.0,0.0,0.0,410.0,0.0,0.0,410.0,816,842
185,2017,7,5,1123,67,42,26,1.0,25,962.0,0.0,0.0,962.0,11.0,0.0,973.0,1083,1123
186,2017,7,6,1160,80,39,27,0.0,30,1039.0,0.0,0.0,1039.0,0.0,0.0,1039.0,1114,1160
187,2017,7,7,1144,76,37,21,0.0,23,744.0,-9.0,-70.0,665.0,0.0,0.0,665.0,1103,1144
188,2017,7,8,960,49,28,20,0.0,24,885.0,-9.0,0.0,876.0,11.0,0.0,887.0,918,960
189,2017,7,9,1095,63,39,19,0.0,21,863.0,-9.0,0.0,854.0,0.0,0.0,854.0,1046,1095
190,2017,7,10,1302,85,44,29,1.0,31,1156.0,-11.0,-80.0,1065.0,19.0,1.0,1085.0,1257,1302
191,2017,7,11,1388,80,48,32,1.0,34,1319.0,0.0,0.0,1319.0,11.0,0.0,1330.0,1330,1388
192,2017,7,12,1456,85,45,27,0.0,32,1301.0,-53.0,0.0,1248.0,11.0,0.0,1259.0,1400,1456
193,2017,7,13,1409,84,42,31,0.0,33,1101.0,-3.0,0.0,1098.0,13.0,0.0,1111.0,1355,1409
194,2017,7,14,1238,84,50,30,1.0,36,1327.0,0.0,0.0,1327.0,11.0,0.0,1338.0,1188,1238
195,2017,7,15,1096,94,55,32,1.0,33,1122.0,-17.0,0.0,1105.0,0.0,0.0,1105.0,1052,1096
196,2017,7,16,1190,75,37,23,0.0,25,980.0,0.0,-115.0,865.0,8.0,0.0,873.0,1138,1190
197,2017,7,17,1303,91,58,35,1.0,39,1508.0,-9.0,0.0,1499.0,0.0,0.0,1499.0,1254,1303
198,2017,7,18,1405,113,67,41,1.0,44,1644.0,-9.0,0.0,1635.0,35.0,0.0,1670.0,1349,1405
199,2017,7,19,1329,83,51,28,0.0,34,1244.0,-20.0,0.0,1224.0,0.0,0.0,1224.0,1290,1329
200,2017,7,20,1380,83,54,30,1.0,35,1276.0,-11.0,0.0,1265.0,13.0,0.0,1278.0,1322,1380
201,2017,7,21,1372,90,48,27,0.0,29,987.0,-6.0,0.0,981.0,0.0,0.0,981.0,1321,1372
202,2017,7,22,1133,78,36,21,0.0,21,786.0,0.0,-19.0,767.0,8.0,1.0,776.0,1086,1133
203,2017,7,23,1164,76,50,23,0.0,30,1077.0,-27.0,0.0,1050.0,11.0,0.0,1061.0,1109,1164
204,2017,7,24,1353,85,51,34,1.0,34,1299.0,0.0,0.0,1299.0,22.0,0.0,1321.0,1293,1353
205,2017,7,25,1442,98,50,29,0.0,31,1085.0,-17.0,-35.0,1033.0,13.0,1.0,1047.0,1369,1442
206,2017,7,26,1349,89,43,29,0.0,30,1211.0,0.0,0.0,1211.0,11.0,0.0,1222.0,1305,1349
207,2017,7,27,1395,84,39,24,0.0,27,864.0,-11.0,0.0,852.0,11.0,0.0,863.0,1317,1395
208,2017,7,28,1251,61,34,26,0.0,28,1044.0,0.0,-20.0,1024.0,11.0,0.0,1035.0,1198,1251
209,2017,7,29,1106,68,37,28,1.0,29,951.0,0.0,0.0,951.0,22.0,0.0,973.0,1044,1106
210,2017,7,30,1313,84,41,23,0.0,27,971.0,0.0,0.0,971.0,0.0,0.0,971.0,1270,1313
211,2017,7,31,1507,90,53,36,1.0,38,1379.0,0.0,0.0,1379.0,11.0,0.0,1390.0,1456,1507
212,2017,8,1,1555,101,49,33,0.0,34,1063.0,0.0,-25.0,1038.0,8.0,1.0,1047.0,1502,1555
213,2017,8,2,1544,98,51,29,0.0,31,1083.0,-11.0,0.0,1072.0,0.0,0.0,1072.0,1489,1544
214,2017,8,3,1667,130,62,37,1.0,35,1325.0,0.0,-10.0,1315.0,46.0,0.0,1361.0,1600,1667
215,2017,8,4,1580,114,56,38,1.0,47,1616.0,0.0,0.0,1616.0,46.0,0.0,1662.0,1513,1580
216,2017,8,5,1245,77,38,28,0.0,30,1151.0,0.0,0.0,1151.0,13.0,0.0,1164.0,1195,1245
217,2017,8,6,1411,86,56,39,1.0,44,1568.0,-9.0,0.0,1559.0,70.0,0.0,1629.0,1347,1411
218,2017,8,7,1539,113,61,41,1.0,43,1612.0,0.0,0.0,1612.0,67.0,1.0,1679.0,1478,1539
219,2017,8,8,1437,84,49,27,0.0,30,1058.0,-11.0,-55.0,992.0,22.0,0.0,1014.0,1386,1437
220,2017,8,9,1542,97,62,43,1.0,44,1617.0,0.0,-45.0,1572.0,13.0,0.0,1585.0,1486,1542
221,2017,8,10,1521,104,51,37,1.0,39,1520.0,0.0,-35.0,1486.0,11.0,2.0,1499.0,1460,1521
222,2017,8,11,1196,78,43,30,1.0,32,1139.0,-9.0,0.0,1130.0,0.0,0.0,1130.0,1147,1196
223,2017,8,12,1206,87,51,28,1.0,30,1132.0,-19.0,0.0,1113.0,46.0,0.0,1159.0,1159,1206
224,2017,8,13,1246,100,53,37,1.0,39,1387.0,-10.0,-310.0,1067.0,72.0,0.0,1139.0,1206,1246
225,2017,8,14,1367,91,58,37,1.0,48,1800.0,-74.0,0.0,1726.0,43.0,0.0,1769.0,1314,1367
226,2017,8,15,1386,100,61,33,1.0,37,1339.0,-11.0,0.0,1328.0,27.0,3.0,1358.0,1322,1386
227,2017,8,16,1286,85,43,24,0.0,25,942.0,-20.0,-140.0,783.0,43.0,1.0,827.0,1237,1286
228,2017,8,17,1230,70,51,23,0.0,26,970.0,-34.0,0.0,936.0,13.0,0.0,949.0,1182,1230
229,2017,8,18,1179,80,46,26,1.0,29,1014.0,-20.0,-346.0,648.0,21.0,0.0,669.0,1142,1179
230,2017,8,19,1028,76,42,22,0.0,21,719.0,-11.0,-35.0,673.0,11.0,0.0,684.0,986,1028
231,2017,8,20,1195,74,45,30,1.0,35,1534.0,-17.0,-60.0,1456.0,24.0,0.0,1480.0,1141,1195
232,2017,8,21,1184,85,53,31,1.0,31,1099.0,0.0,-93.0,1006.0,26.0,0.0,1032.0,1138,1184
233,2017,8,22,1339,70,44,28,0.0,31,1144.0,-9.0,0.0,1136.0,37.0,0.0,1173.0,1286,1339
234,2017,8,23,460,27,16,13,0.0,33,1359.0,0.0,-572.0,787.0,-39.0,0.0,748.0,449,460
235,2017,8,24,806,65,37,15,0.0,23,821.0,-9.0,0.0,812.0,11.0,0.0,823.0,786,806
236,2017,8,25,945,57,33,18,0.0,18,585.0,0.0,-653.0,-68.0,-50.0,0.0,-118.0,907,945
237,2017,8,26,947,58,41,26,1.0,28,1078.0,-9.0,0.0,1070.0,0.0,0.0,1070.0,914,947
238,2017,8,27,1122,74,37,22,0.0,26,830.0,-30.0,-35.0,765.0,0.0,0.0,765.0,1089,1122
239,2017,8,28,1161,73,46,26,1.0,28,974.0,0.0,-80.0,894.0,0.0,0.0,894.0,1120,1161
240,2017,8,29,1012,57,37,16,0.0,19,604.0,-11.0,0.0,593.0,0.0,0.0,593.0,971,1012
241,2017,8,30,1048,62,31,21,0.0,22,779.0,-22.0,0.0,756.0,27.0,2.0,785.0,1012,1048
242,2017,8,31,1034,56,31,20,0.0,23,804.0,-11.0,-34.0,759.0,11.0,0.0,770.0,999,1034
243,2017,9,1,869,54,26,15,0.0,17,614.0,-6.0,-119.0,489.0,0.0,0.0,489.0,841,869
244,2017,9,2,823,48,30,19,1.0,20,744.0,-9.0,0.0,735.0,0.0,0.0,735.0,790,823
245,2017,9,3,893,64,29,18,1.0,20,564.0,0.0,-115.0,449.0,0.0,0.0,449.0,852,893
246,2017,9,4,999,61,34,25,1.0,29,1028.0,0.0,-60.0,968.0,11.0,0.0,979.0,950,999
247,2017,9,5,951,50,36,20,0.0,20,669.0,-6.0,0.0,663.0,0.0,0.0,663.0,917,951
248,2017,9,6,852,39,21,13,0.0,15,574.0,0.0,0.0,574.0,0.0,0.0,574.0,818,852
249,2017,9,7,783,49,27,15,1.0,17,639.0,-22.0,-70.0,547.0,0.0,0.0,547.0,762,783
250,2017,9,8,659,37,23,13,0.0,13,424.0,0.0,0.0,424.0,0.0,0.0,424.0,646,659
251,2017,9,9,649,41,20,10,0.0,12,389.0,0.0,-58.0,332.0,0.0,0.0,332.0,636,649
252,2017,9,10,871,68,41,25,1.0,29,973.0,-9.0,-50.0,915.0,0.0,-1.0,914.0,855,871
253,2017,9,11,815,43,28,17,1.0,18,719.0,-9.0,-78.0,633.0,0.0,0.0,633.0,805,815
254,2017,9,12,813,67,35,22,1.0,24,829.0,-9.0,0.0,820.0,16.0,2.0,838.0,798,813
255,2017,9,13,833,58,37,25,1.0,28,914.0,0.0,-35.0,879.0,8.0,0.0,887.0,816,833
256,2017,9,14,849,51,32,17,1.0,20,729.0,-17.0,-58.0,654.0,0.0,0.0,654.0,831,849
257,2017,9,15,764,53,30,20,1.0,19,674.0,-9.0,-26.0,639.0,0.0,0.0,639.0,754,764
258,2017,9,16,839,63,33,24,1.0,26,924.0,0.0,0.0,924.0,0.0,0.0,924.0,813,839
259,2017,9,17,998,64,32,22,0.0,23,789.0,-5.0,-35.0,749.0,0.0,0.0,749.0,972,998
260,2017,9,18,957,58,41,27,1.0,29,1004.0,-22.0,0.0,981.0,0.0,0.0,981.0,936,957
261,2017,9,19,896,45,33,23,1.0,24,769.0,0.0,0.0,769.0,0.0,0.0,769.0,881,896
262,2017,9,20,800,49,28,17,1.0,18,659.0,0.0,0.0,659.0,0.0,0.0,659.0,780,800
263,2017,9,21,805,61,29,16,0.0,19,659.0,-9.0,0.0,650.0,8.0,0.0,659.0,788,805
264,2017,9,22,741,44,29,16,0.0,20,634.0,0.0,-45.0,589.0,0.0,0.0,589.0,728,741
265,2017,9,23,684,46,25,16,1.0,19,659.0,0.0,0.0,659.0,0.0,0.0,659.0,670,684
266,2017,9,24,923,52,31,22,1.0,22,724.0,0.0,0.0,724.0,0.0,0.0,724.0,887,923
267,2017,9,25,852,56,29,19,1.0,22,734.0,-6.0,0.0,728.0,0.0,0.0,728.0,808,852
268,2017,9,26,823,64,28,17,0.0,21,789.0,0.0,-25.0,764.0,0.0,0.0,764.0,806,823
269,2017,9,27,838,60,25,14,0.0,14,459.0,0.0,0.0,459.0,0.0,0.0,459.0,815,838
270,2017,9,28,785,43,22,10,0.0,12,384.0,-9.0,0.0,376.0,0.0,0.0,376.0,775,785
271,2017,9,29,687,51,25,15,0.0,17,649.0,0.0,-25.0,624.0,0.0,0.0,624.0,676,687
272,2017,9,30,688,42,20,8,0.0,8,280.0,0.0,0.0,280.0,0.0,0.0,280.0,676,688
273,2017,10,1,764,50,34,24,1.0,26,829.0,-9.0,0.0,820.0,0.0,0.0,820.0,751,764
274,2017,10,2,786,56,32,17,1.0,18,604.0,0.0,0.0,604.0,8.0,1.0,613.0,770,786
275,2017,10,3,809,45,23,18,0.0,19,829.0,0.0,0.0,829.0,0.0,0.0,829.0,795,809
276,2017,10,4,744,38,18,4,0.0,6,210.0,0.0,0.0,210.0,0.0,0.0,210.0,731,744
277,2017,10,5,643,40,24,16,1.0,21,769.0,-11.0,0.0,758.0,0.0,0.0,758.0,636,643
278,2017,10,6,678,45,26,16,0.0,18,684.0,-9.0,0.0,675.0,8.0,0.0,684.0,669,678
279,2017,10,7,675,45,19,15,0.0,15,519.0,0.0,0.0,519.0,0.0,0.0,519.0,664,675
280,2017,10,8,843,71,49,24,1.0,25,874.0,0.0,0.0,874.0,0.0,0.0,874.0,831,843
281,2017,10,9,971,60,36,18,0.0,27,964.0,-26.0,-105.0,833.0,0.0,0.0,833.0,954,971
282,2017,10,10,942,62,31,24,1.0,24,1103.0,-3.0,0.0,1100.0,0.0,0.0,1100.0,923,942
283,2017,10,11,933,62,35,27,1.0,27,929.0,0.0,0.0,929.0,0.0,0.0,929.0,922,933
284,2017,10,12,851,52,26,11,0.0,12,549.0,-11.0,0.0,538.0,0.0,0.0,538.0,831,851
285,2017,10,13,766,58,34,22,1.0,24,879.0,0.0,-90.0,789.0,0.0,0.0,789.0,759,766
286,2017,10,14,747,46,25,16,1.0,16,524.0,0.0,0.0,524.0,0.0,0.0,524.0,736,747
287,2017,10,15,937,59,37,23,1.0,25,734.0,-10.0,0.0,724.0,0.0,0.0,724.0,924,937
288,2017,10,16,945,69,39,20,0.0,21,729.0,0.0,0.0,729.0,0.0,0.0,729.0,930,945
289,2017,10,17,892,60,37,23,1.0,26,894.0,-6.0,0.0,887.0,0.0,0.0,887.0,877,892
290,2017,10,18,942,49,27,19,0.0,22,809.0,0.0,0.0,809.0,11.0,0.0,820.0,928,942
291,2017,10,19,907,64,37,24,1.0,28,1173.0,-9.0,-116.0,1049.0,0.0,0.0,1049.0,886,907
292,2017,10,20,822,58,35,23,1.0,33,1428.0,-9.0,0.0,1419.0,16.0,2.0,1437.0,811,822
293,2017,10,21,835,59,33,19,1.0,20,674.0,0.0,0.0,674.0,0.0,0.0,674.0,821,835
294,2017,10,22,968,57,32,19,0.0,21,804.0,-11.0,0.0,793.0,30.0,0.0,823.0,947,968
295,2017,10,23,1020,73,38,26,1.0,31,1063.0,0.0,0.0,1063.0,0.0,0.0,1063.0,1009,1020
296,2017,10,24,986,64,31,23,0.0,25,894.0,0.0,0.0,894.0,0.0,0.0,894.0,970,986
297,2017,10,25,990,72,43,27,1.0,28,974.0,0.0,0.0,974.0,0.0,0.0,974.0,980,990
298,2017,10,26,941,49,29,18,0.0,20,614.0,0.0,0.0,614.0,0.0,0.0,614.0,927,941
299,2017,10,27,729,47,28,14,0.0,16,549.0,0.0,0.0,549.0,0.0,0.0,549.0,712,729
300,2017,10,28,720,53,28,15,0.0,15,524.0,0.0,0.0,524.0,0.0,0.0,524.0,704,720
301,2017,10,29,924,49,30,18,0.0,21,704.0,0.0,0.0,704.0,0.0,0.0,704.0,899,924
302,2017,10,30,937,66,37,29,1.0,28,1004.0,-12.0,0.0,992.0,0.0,0.0,992.0,921,937
303,2017,10,31,817,54,29,17,0.0,20,759.0,0.0,-45.0,714.0,11.0,0.0,725.0,802,817
304,2017,11,1,1627,83,51,33,1.0,33,1178.0,0.0,0.0,1178.0,0.0,0.0,1178.0,1599,1627
305,2017,11,2,1296,75,38,20,0.0,22,744.0,0.0,0.0,744.0,0.0,0.0,744.0,1279,1296
306,2017,11,3,1163,71,43,28,1.0,30,1048.0,0.0,0.0,1048.0,0.0,0.0,1048.0,1146,1163
307,2017,11,4,1118,53,27,18,0.0,18,629.0,-3.0,-25.0,601.0,0.0,0.0,601.0,1100,1118
308,2017,11,5,1407,90,49,32,1.0,33,1118.0,0.0,0.0,1118.0,0.0,0.0,1118.0,1386,1407
309,2017,11,6,1251,85,46,31,0.0,32,1193.0,0.0,0.0,1193.0,0.0,0.0,1193.0,1229,1251
310,2017,11,7,1199,60,31,19,0.0,20,604.0,0.0,0.0,604.0,0.0,0.0,604.0,1173,1199
311,2017,11,8,1071,49,25,15,0.0,14,544.0,0.0,-50.0,494.0,0.0,0.0,494.0,1047,1071
312,2017,11,9,1059,71,41,29,1.0,31,1078.0,0.0,0.0,1078.0,0.0,0.0,1078.0,1044,1059
313,2017,11,10,1039,56,32,24,0.0,25,899.0,0.0,0.0,899.0,0.0,0.0,899.0,1020,1039
314,2017,11,11,998,51,30,21,1.0,27,834.0,0.0,-35.0,799.0,0.0,0.0,799.0,979,998
315,2017,11,12,1380,70,38,22,0.0,22,819.0,0.0,0.0,819.0,0.0,0.0,819.0,1355,1380
316,2017,11,13,988,43,23,10,0.0,10,304.0,0.0,0.0,304.0,0.0,0.0,304.0,968,988
317,2017,11,14,1202,64,41,30,0.0,32,1138.0,0.0,0.0,1138.0,0.0,0.0,1138.0,1177,1202
318,2017,11,15,1173,57,27,20,0.0,21,754.0,0.0,0.0,754.0,0.0,0.0,754.0,1148,1173
319,2017,11,16,1034,61,31,18,1.0,19,694.0,-3.0,0.0,691.0,0.0,0.0,691.0,1010,1034
320,2017,11,17,1039,56,37,23,1.0,25,849.0,0.0,0.0,849.0,0.0,0.0,849.0,1023,1039
321,2017,11,18,1004,58,36,19,0.0,20,714.0,0.0,0.0,714.0,0.0,0.0,714.0,987,1004
322,2017,11,19,1128,68,40,24,0.0,24,864.0,0.0,-70.0,794.0,8.0,1.0,803.0,1107,1128
323,2017,11,20,1022,63,37,26,0.0,28,939.0,0.0,0.0,939.0,0.0,0.0,939.0,1001,1022
324,2017,11,21,1193,59,32,22,1.0,23,859.0,0.0,0.0,859.0,0.0,0.0,859.0,1173,1193
325,2017,11,22,1296,85,41,22,0.0,26,909.0,0.0,0.0,909.0,0.0,0.0,909.0,1273,1296
326,2017,11,23,1227,79,46,33,1.0,35,1428.0,0.0,0.0,1428.0,0.0,0.0,1428.0,1208,1227
327,2017,11,24,1623,108,63,37,1.0,42,1548.0,0.0,0.0,1548.0,19.0,1.0,1568.0,1594,1623
328,2017,11,25,1206,66,37,26,1.0,29,1048.0,0.0,0.0,1048.0,0.0,0.0,1048.0,1193,1206
329,2017,11,26,1021,55,28,16,0.0,18,624.0,0.0,0.0,624.0,0.0,0.0,624.0,997,1021
330,2017,11,27,1964,150,90,55,1.0,61,2192.0,-5.0,0.0,2187.0,0.0,0.0,2187.0,1935,1964
331,2017,11,28,1723,101,65,40,0.0,45,1837.0,0.0,0.0,1837.0,8.0,1.0,1846.0,1699,1723
332,2017,11,29,1775,111,73,50,1.0,52,1862.0,0.0,-25.0,1837.0,22.0,0.0,1859.0,1747,1775
333,2017,11,30,1623,95,60,35,1.0,37,1613.0,0.0,-25.0,1588.0,22.0,0.0,1610.0,1601,1623
334,2017,12,1,1347,69,43,29,0.0,33,1308.0,0.0,0.0,1308.0,8.0,1.0,1317.0,1328,1347
335,2017,12,2,1375,86,49,36,1.0,40,1832.0,0.0,0.0,1832.0,0.0,0.0,1832.0,1348,1375
336,2017,12,3,1533,101,69,42,1.0,45,1568.0,-3.0,0.0,1565.0,11.0,0.0,1576.0,1503,1533
337,2017,12,4,1538,97,58,36,1.0,41,1682.0,0.0,0.0,1682.0,0.0,0.0,1682.0,1509,1538
338,2017,12,5,1389,94,59,38,1.0,42,1603.0,-6.0,0.0,1597.0,0.0,0.0,1597.0,1371,1389
339,2017,12,6,1477,91,51,37,1.0,40,1488.0,0.0,0.0,1488.0,8.0,0.0,1496.0,1448,1477
340,2017,12,7,1294,83,45,30,0.0,37,1513.0,-9.0,0.0,1504.0,0.0,0.0,1504.0,1274,1294
341,2017,12,8,1202,85,57,37,1.0,42,1493.0,0.0,-35.0,1458.0,8.0,0.0,1466.0,1173,1202
342,2017,12,9,1260,89,57,47,1.0,51,1847.0,0.0,0.0,1847.0,30.0,1.0,1878.0,1242,1260
343,2017,12,10,1490,96,65,45,1.0,48,1633.0,0.0,0.0,1633.0,0.0,0.0,1633.0,1464,1490
344,2017,12,11,1527,114,66,48,1.0,55,1952.0,0.0,0.0,1952.0,8.0,1.0,1961.0,1506,1527
345,2017,12,12,1443,104,63,43,1.0,49,1932.0,0.0,0.0,1932.0,0.0,0.0,1932.0,1419,1443
346,2017,12,13,1340,114,80,54,1.0,57,2057.0,0.0,0.0,2057.0,8.0,1.0,2066.0,1316,1340
347,2017,12,14,1413,102,68,48,1.0,49,1648.0,0.0,-25.0,1623.0,0.0,0.0,1623.0,1392,1413
348,2017,12,15,1240,97,63,44,1.0,47,1688.0,0.0,-35.0,1653.0,0.0,0.0,1653.0,1217,1240
349,2017,12,16,1375,94,62,39,1.0,41,1608.0,0.0,-25.0,1583.0,0.0,0.0,1583.0,1341,1375
350,2017,12,17,1641,138,84,48,1.0,49,1827.0,0.0,0.0,1827.0,0.0,0.0,1827.0,1616,1641
351,2017,12,18,1577,129,80,41,1.0,49,1767.0,0.0,0.0,1767.0,8.0,0.0,1776.0,1539,1577
352,2017,12,19,1415,100,58,25,0.0,29,1039.0,-3.0,0.0,1036.0,0.0,0.0,1036.0,1394,1415
353,2017,12,20,1359,103,61,36,1.0,41,1550.0,0.0,0.0,1550.0,0.0,0.0,1550.0,1331,1359
354,2017,12,21,1190,87,50,31,1.0,33,1138.0,0.0,0.0,1138.0,0.0,0.0,1138.0,1177,1190
355,2017,12,22,1162,76,45,27,1.0,28,949.0,0.0,0.0,949.0,24.0,2.0,974.0,1136,1162
356,2017,12,23,1112,68,34,18,0.0,27,944.0,-10.0,0.0,934.0,0.0,0.0,934.0,1091,1112
357,2017,12,24,983,54,23,12,0.0,13,467.0,0.0,0.0,467.0,11.0,0.0,478.0,966,983
358,2017,12,25,1396,95,51,23,0.0,25,892.0,0.0,-50.0,842.0,0.0,0.0,842.0,1367,1396
359,2017,12,26,1874,138,72,40,1.0,42,1451.0,0.0,0.0,1451.0,0.0,0.0,1451.0,1838,1874
360,2017,12,27,1929,126,69,44,1.0,47,1698.0,0.0,-35.0,1663.0,0.0,0.0,1663.0,1883,1929
361,2017,12,28,2057,153,83,47,1.0,53,1917.0,-3.0,0.0,1914.0,11.0,0.0,1925.0,2006,2057
362,2017,12,29,1887,153,88,60,1.0,65,2372.0,-5.0,0.0,2367.0,8.0,0.0,2376.0,1839,1887
363,2017,12,30,1791,113,68,37,1.0,41,1413.0,0.0,0.0,1413.0,0.0,0.0,1413.0,1759,1791
364,2017,12,31,1500,91,52,33,0.0,36,1250.0,0.0,0.0,1250.0,0.0,0.0,1250.0,1474,1500
365,2018,1,1,2116,117,71,42,0.0,43,1590.0,0.0,0.0,1590.0,8.0,0.0,1598.0,2085,2116
366,2018,1,2,2128,128,71,41,0.0,49,1612.0,0.0,-25.0,1587.0,0.0,0.0,1587.0,2094,2128
367,2018,1,3,1924,144,81,51,1.0,57,2050.0,0.0,0.0,2050.0,0.0,0.0,2050.0,1890,1924
368,2018,1,4,1986,155,91,62,1.0,66,2297.0,0.0,0.0,2297.0,0.0,0.0,2297.0,1957,1986
369,2018,1,5,1645,126,81,43,1.0,49,1752.0,0.0,0.0,1752.0,8.0,1.0,1761.0,1622,1645
370,2018,1,6,1700,119,64,42,1.0,43,1532.0,0.0,0.0,1532.0,11.0,0.0,1543.0,1664,1700
371,2018,1,7,1924,140,72,43,1.0,46,1614.0,0.0,-50.0,1565.0,0.0,0.0,1565.0,1892,1924
372,2018,1,8,1813,132,68,44,1.0,48,1723.0,0.0,0.0,1723.0,8.0,4.0,1735.0,1762,1813
373,2018,1,9,1706,123,70,48,1.0,53,1852.0,0.0,0.0,1852.0,16.0,2.0,1870.0,1670,1706
374,2018,1,10,1702,111,63,46,1.0,51,1708.0,0.0,0.0,1708.0,0.0,0.0,1708.0,1676,1702
375,2018,1,11,1674,104,53,33,1.0,36,1223.0,-27.0,0.0,1196.0,16.0,2.0,1214.0,1641,1674
376,2018,1,12,1419,98,63,36,1.0,41,1483.0,-9.0,0.0,1474.0,0.0,0.0,1474.0,1389,1419
377,2018,1,13,1562,106,61,34,1.0,37,1227.0,-11.0,0.0,1216.0,11.0,0.0,1227.0,1529,1562
378,2018,1,14,1756,130,84,56,1.0,60,2022.0,-17.0,0.0,2004.0,0.0,0.0,2004.0,1726,1756
379,2018,1,15,1823,119,69,46,1.0,54,1834.0,-9.0,-52.0,1773.0,0.0,0.0,1773.0,1783,1823
380,2018,1,16,1788,122,59,38,0.0,44,1422.0,-21.0,-19.0,1381.0,0.0,0.0,1381.0,1752,1788
381,2018,1,17,1658,113,64,48,1.0,52,1684.0,-20.0,0.0,1664.0,0.0,0.0,1664.0,1639,1658
382,2018,1,18,1713,93,63,48,1.0,55,1986.0,-26.0,0.0,1960.0,0.0,2.0,1961.0,1684,1713
383,2018,1,19,1506,82,45,28,0.0,31,1099.0,0.0,-35.0,1064.0,0.0,0.0,1064.0,1481,1506
384,2018,1,20,1575,93,47,26,0.0,30,1039.0,-20.0,-35.0,984.0,8.0,1.0,994.0,1548,1575
385,2018,1,21,1734,111,57,42,1.0,44,1495.0,-14.0,0.0,1481.0,0.0,0.0,1481.0,1708,1734
386,2018,1,22,1667,110,66,46,1.0,49,1574.0,0.0,0.0,1574.0,0.0,0.0,1574.0,1638,1667
387,2018,1,23,1655,106,64,44,1.0,49,1654.0,0.0,-60.0,1594.0,8.0,1.0,1604.0,1632,1655
388,2018,1,24,1624,108,52,39,1.0,44,1482.0,0.0,-80.0,1402.0,8.0,1.0,1411.0,1600,1624
389,2018,1,25,1557,104,55,39,1.0,39,1416.0,0.0,0.0,1416.0,0.0,0.0,1416.0,1522,1557
390,2018,1,26,1337,97,51,33,1.0,33,1136.0,0.0,0.0,1136.0,0.0,0.0,1136.0,1306,1337
391,2018,1,27,1433,92,42,31,1.0,34,1152.0,0.0,-35.0,1117.0,8.0,0.0,1126.0,1401,1433
392,2018,1,28,1723,106,52,35,1.0,38,1324.0,-9.0,0.0,1315.0,8.0,1.0,1324.0,1692,1723
393,2018,1,29,1680,112,65,36,0.0,39,1435.0,-6.0,0.0,1428.0,11.0,0.0,1439.0,1654,1680
394,2018,1,30,1614,97,63,45,1.0,47,1632.0,-17.0,-38.0,1577.0,0.0,0.0,1577.0,1584,1614
395,2018,1,31,1565,104,52,34,1.0,38,1384.0,-5.0,0.0,1379.0,11.0,0.0,1390.0,1553,1565
396,2018,2,1,1587,115,74,47,1.0,52,1698.0,-3.0,0.0,1695.0,11.0,0.0,1706.0,1555,1587
397,2018,2,2,1358,93,54,36,1.0,39,1348.0,0.0,0.0,1348.0,11.0,0.0,1359.0,1331,1358
398,2018,2,3,1438,94,48,29,0.0,31,1089.0,-20.0,0.0,1069.0,0.0,0.0,1069.0,1407,1438
399,2018,2,4,1473,95,51,36,1.0,42,1504.0,-20.0,0.0,1485.0,11.0,0.0,1496.0,1453,1473
400,2018,2,5,1567,91,60,46,1.0,50,1733.0,-11.0,0.0,1722.0,0.0,0.0,1722.0,1539,1567
401,2018,2,6,1567,128,74,49,1.0,50,1825.0,0.0,0.0,1825.0,8.0,1.0,1834.0,1544,1567
402,2018,2,7,1634,100,60,43,1.0,48,1767.0,0.0,0.0,1767.0,0.0,0.0,1767.0,1607,1634
403,2018,2,8,1515,117,69,46,1.0,51,1798.0,-15.0,0.0,1783.0,0.0,0.0,1783.0,1490,1515
404,2018,2,9,1468,142,94,61,1.0,68,2355.0,-20.0,-35.0,2300.0,0.0,0.0,2300.0,1445,1468
405,2018,2,10,1505,116,68,45,1.0,50,1963.0,-15.0,0.0,1947.0,0.0,1.0,1948.0,1473,1505
406,2018,2,11,1844,117,67,51,1.0,52,1894.0,0.0,0.0,1894.0,8.0,0.0,1902.0,1816,1844
407,2018,2,12,1815,124,70,48,1.0,55,1830.0,-26.0,-60.0,1744.0,0.0,0.0,1744.0,1787,1815
408,2018,2,13,1649,114,64,38,1.0,42,1454.0,-9.0,0.0,1445.0,0.0,0.0,1445.0,1618,1649
409,2018,2,14,1372,93,62,37,1.0,39,1442.0,0.0,0.0,1442.0,0.0,1.0,1443.0,1344,1372
410,2018,2,15,1442,94,52,37,1.0,38,1403.0,-15.0,-35.0,1353.0,0.0,0.0,1353.0,1413,1442
411,2018,2,16,1365,104,66,49,1.0,52,1782.0,0.0,-45.0,1737.0,0.0,0.0,1737.0,1333,1365
412,2018,2,17,1435,108,54,34,1.0,37,1378.0,0.0,0.0,1378.0,0.0,0.0,1378.0,1405,1435
413,2018,2,18,1622,101,59,47,1.0,50,1940.0,-11.0,0.0,1929.0,11.0,0.0,1940.0,1589,1622
414,2018,2,19,1847,136,77,51,1.0,59,2123.0,-43.0,-86.0,1994.0,8.0,4.0,2006.0,1818,1847
415,2018,2,20,1756,120,62,40,0.0,45,1477.0,-9.0,0.0,1468.0,19.0,1.0,1488.0,1729,1756
416,2018,2,21,1838,135,84,53,1.0,55,1984.0,-9.0,-11.0,1964.0,0.0,0.0,1964.0,1811,1838
417,2018,2,22,1584,123,79,47,1.0,51,1883.0,-11.0,0.0,1872.0,0.0,0.0,1872.0,1563,1584
418,2018,2,23,1545,125,69,47,1.0,55,1851.0,-17.0,0.0,1834.0,0.0,0.0,1834.0,1513,1545
419,2018,2,24,1435,125,69,46,1.0,51,1770.0,-6.0,0.0,1764.0,0.0,0.0,1764.0,1415,1435
420,2018,2,25,1865,141,84,58,1.0,66,2292.0,-17.0,-25.0,2250.0,0.0,0.0,2250.0,1834,1865
421,2018,2,26,1854,124,77,54,1.0,56,2108.0,-12.0,0.0,2095.0,0.0,0.0,2095.0,1828,1854
422,2018,2,27,1814,140,79,44,1.0,49,1724.0,-26.0,0.0,1698.0,0.0,0.0,1698.0,1786,1814
423,2018,2,28,2050,187,107,62,1.0,69,2408.0,-17.0,0.0,2391.0,0.0,0.0,2391.0,2011,2050
424,2018,3,1,1856,134,86,53,1.0,59,2131.0,-39.0,0.0,2092.0,11.0,0.0,2103.0,1833,1856
425,2018,3,2,1649,114,68,47,1.0,50,1832.0,-11.0,-35.0,1786.0,0.0,0.0,1786.0,1624,1649
426,2018,3,3,1625,149,78,50,1.0,56,2064.0,-17.0,0.0,2046.0,0.0,0.0,2046.0,1598,1625
427,2018,3,4,1876,160,94,55,1.0,60,2044.0,-1.0,0.0,2043.0,0.0,0.0,2043.0,1843,1876
428,2018,3,5,1910,119,77,54,1.0,58,2109.0,-9.0,-35.0,2065.0,0.0,0.0,2065.0,1861,1910
429,2018,3,6,1737,139,92,64,1.0,71,2491.0,-26.0,0.0,2465.0,0.0,1.0,2466.0,1713,1737
430,2018,3,7,1624,138,86,60,1.0,64,2251.0,-6.0,-3.0,2242.0,19.0,3.0,2264.0,1600,1624
431,2018,3,8,1695,122,77,64,1.0,65,2465.0,-17.0,-35.0,2414.0,8.0,1.0,2423.0,1656,1695
432,2018,3,9,1514,129,80,57,1.0,62,2293.0,0.0,0.0,2293.0,0.0,0.0,2293.0,1483,1514
433,2018,3,10,1447,106,62,42,1.0,44,1618.0,-9.0,-35.0,1574.0,0.0,0.0,1574.0,1409,1447
434,2018,3,11,1616,113,63,39,1.0,43,1562.0,0.0,0.0,1562.0,0.0,0.0,1562.0,1586,1616
435,2018,3,12,1744,133,84,61,1.0,63,2244.0,-34.0,0.0,2210.0,0.0,0.0,2210.0,1710,1744
436,2018,3,13,1651,113,66,43,1.0,50,1834.0,-17.0,0.0,1817.0,11.0,0.0,1828.0,1613,1651
437,2018,3,14,1595,111,66,46,1.0,49,1863.0,-9.0,0.0,1854.0,0.0,0.0,1854.0,1569,1595
438,2018,3,15,1507,114,62,39,1.0,44,1537.0,-9.0,0.0,1528.0,11.0,0.0,1539.0,1476,1507
439,2018,3,16,1389,118,74,50,1.0,56,2073.0,0.0,0.0,2073.0,11.0,0.0,2084.0,1353,1389
440,2018,3,17,1235,92,53,32,1.0,32,1181.0,-3.0,0.0,1178.0,8.0,1.0,1187.0,1209,1235
441,2018,3,18,1402,114,58,43,1.0,47,1653.0,-9.0,-35.0,1610.0,0.0,0.0,1610.0,1377,1402
442,2018,3,19,885,51,35,27,1.0,29,1019.0,0.0,0.0,1019.0,0.0,0.0,1019.0,854,885
443,2018,3,20,460,20,13,7,0.0,9,310.0,0.0,0.0,310.0,0.0,0.0,310.0,447,460
444,2018,3,21,1079,79,48,37,1.0,40,1409.0,-17.0,-48.0,1343.0,8.0,0.0,1352.0,1061,1079
445,2018,3,22,1237,115,61,44,1.0,45,1498.0,0.0,0.0,1498.0,0.0,0.0,1498.0,1211,1237
446,2018,3,23,1282,105,58,40,1.0,49,1729.0,-26.0,-80.0,1623.0,0.0,0.0,1623.0,1257,1282
447,2018,3,24,1174,82,45,28,1.0,28,934.0,-6.0,0.0,928.0,8.0,1.0,937.0,1150,1174
448,2018,3,25,1438,94,49,27,0.0,31,1100.0,-14.0,0.0,1086.0,13.0,0.0,1099.0,1410,1438
449,2018,3,26,1437,98,64,39,1.0,47,1701.0,-45.0,0.0,1657.0,8.0,2.0,1667.0,1401,1437
450,2018,3,27,1374,113,64,37,1.0,40,1429.0,0.0,0.0,1429.0,8.0,1.0,1438.0,1355,1374
451,2018,3,28,1388,104,67,46,1.0,51,1786.0,-23.0,0.0,1763.0,11.0,0.0,1774.0,1369,1388
452,2018,3,29,1432,101,57,36,1.0,42,1440.0,-40.0,0.0,1400.0,0.0,0.0,1400.0,1402,1432
453,2018,3,30,1262,95,63,42,1.0,44,1679.0,-9.0,0.0,1671.0,0.0,1.0,1672.0,1236,1262
454,2018,3,31,1183,53,25,14,0.0,16,582.0,-9.0,0.0,573.0,0.0,0.0,573.0,1168,1183
455,2018,4,1,1260,81,39,25,0.0,26,930.0,0.0,0.0,930.0,0.0,0.0,930.0,1232,1260
456,2018,4,2,1510,106,60,45,1.0,46,1561.0,-2.0,0.0,1559.0,8.0,0.0,1567.0,1481,1510
457,2018,4,3,1450,104,67,38,1.0,42,1483.0,0.0,0.0,1483.0,0.0,0.0,1483.0,1416,1450
458,2018,4,4,1574,130,61,37,1.0,40,1423.0,-17.0,0.0,1405.0,0.0,0.0,1405.0,1538,1574
459,2018,4,5,1432,105,55,35,1.0,41,1489.0,0.0,0.0,1489.0,0.0,0.0,1489.0,1396,1432
460,2018,4,6,1331,94,65,45,1.0,48,1637.0,0.0,-25.0,1612.0,0.0,1.0,1613.0,1295,1331
461,2018,4,7,1263,108,62,37,1.0,43,1519.0,-9.0,0.0,1510.0,0.0,0.0,1510.0,1242,1263
462,2018,4,8,1519,112,67,40,1.0,48,1744.0,-21.0,0.0,1723.0,0.0,0.0,1723.0,1498,1519
463,2018,4,9,1640,105,68,42,1.0,48,1607.0,-17.0,0.0,1589.0,0.0,0.0,1589.0,1612,1640
464,2018,4,10,1508,107,64,41,1.0,51,1677.0,-9.0,0.0,1669.0,0.0,0.0,1669.0,1477,1508
465,2018,4,11,1476,110,62,42,1.0,49,1771.0,-17.0,0.0,1754.0,0.0,0.0,1754.0,1449,1476
466,2018,4,12,1484,108,63,37,1.0,42,1542.0,-23.0,0.0,1518.0,0.0,0.0,1518.0,1465,1484
467,2018,4,13,1358,101,63,38,1.0,45,1696.0,-14.0,0.0,1683.0,0.0,0.0,1683.0,1328,1358
468,2018,4,14,1327,84,44,31,0.0,34,1239.0,0.0,0.0,1239.0,0.0,0.0,1239.0,1294,1327
469,2018,4,15,1615,118,81,53,1.0,59,2041.0,0.0,0.0,2041.0,0.0,0.0,2041.0,1589,1615
470,2018,4,16,1658,88,56,38,0.0,44,1572.0,-14.0,0.0,1558.0,0.0,0.0,1558.0,1620,1658
471,2018,4,17,1655,125,70,41,0.0,42,1388.0,0.0,-25.0,1363.0,0.0,0.0,1363.0,1621,1655
472,2018,4,18,1663,111,63,37,0.0,48,1730.0,-37.0,0.0,1693.0,0.0,0.0,1693.0,1628,1663
473,2018,4,19,1598,112,68,42,1.0,47,1895.0,-12.0,-60.0,1823.0,0.0,0.0,1823.0,1566,1598
474,2018,4,20,1326,83,50,33,1.0,37,1244.0,-22.0,0.0,1222.0,0.0,0.0,1222.0,1295,1326
475,2018,4,21,1260,90,51,37,1.0,40,1365.0,-11.0,0.0,1354.0,0.0,0.0,1354.0,1241,1260
476,2018,4,22,1578,103,68,47,1.0,56,1931.0,-9.0,-25.0,1897.0,0.0,0.0,1897.0,1550,1578
477,2018,4,23,1666,84,48,31,0.0,35,1199.0,-15.0,0.0,1184.0,0.0,0.0,1184.0,1629,1666
478,2018,4,24,1574,107,66,42,1.0,47,1683.0,0.0,0.0,1683.0,0.0,0.0,1683.0,1549,1574
479,2018,4,25,1531,114,76,44,1.0,50,2022.0,-2.0,-225.0,1795.0,0.0,0.0,1795.0,1501,1531
480,2018,4,26,1668,102,55,43,1.0,45,1570.0,0.0,0.0,1570.0,0.0,0.0,1570.0,1640,1668
481,2018,4,27,1855,107,64,34,0.0,38,1283.0,0.0,0.0,1283.0,0.0,0.0,1283.0,1826,1855
482,2018,4,28,1565,86,55,34,0.0,35,1232.0,0.0,0.0,1232.0,0.0,0.0,1232.0,1541,1565
483,2018,4,29,1858,127,81,54,1.0,56,1986.0,0.0,0.0,1986.0,11.0,1.0,1997.0,1827,1858
484,2018,4,30,2033,104,62,38,0.0,44,1476.0,-15.0,0.0,1461.0,0.0,0.0,1461.0,2005,2033
485,2018,5,1,1630,102,48,29,0.0,35,1172.0,-20.0,-45.0,1107.0,0.0,0.0,1107.0,1606,1630
486,2018,5,2,1507,106,60,36,1.0,43,1525.0,-26.0,0.0,1498.0,0.0,0.0,1498.0,1478,1507
487,2018,5,3,1297,82,50,30,1.0,34,1306.0,-3.0,0.0,1302.0,0.0,0.0,1302.0,1264,1297
488,2018,5,4,1250,76,42,25,1.0,26,927.0,0.0,0.0,927.0,0.0,1.0,928.0,1224,1250
489,2018,5,5,1207,69,39,23,0.0,26,885.0,0.0,0.0,885.0,0.0,0.0,885.0,1184,1207
490,2018,5,6,1612,111,69,48,1.0,51,1733.0,0.0,0.0,1733.0,8.0,1.0,1742.0,1581,1612
491,2018,5,7,1785,111,60,34,0.0,43,1435.0,0.0,-31.0,1404.0,0.0,0.0,1404.0,1752,1785
492,2018,5,8,1489,92,53,36,1.0,41,1369.0,-9.0,0.0,1360.0,11.0,0.0,1371.0,1458,1489
493,2018,5,9,1462,104,72,50,1.0,52,1705.0,0.0,0.0,1705.0,0.0,0.0,1705.0,1440,1462
494,2018,5,10,1466,98,71,49,1.0,52,1763.0,-3.0,0.0,1760.0,8.0,1.0,1769.0,1433,1466
495,2018,5,11,1381,84,52,35,1.0,41,1417.0,-22.0,0.0,1394.0,0.0,0.0,1394.0,1356,1381
496,2018,5,12,1443,95,53,33,1.0,34,1219.0,0.0,0.0,1219.0,0.0,0.0,1219.0,1414,1443
497,2018,5,13,1741,103,52,35,0.0,38,1329.0,0.0,0.0,1329.0,8.0,3.0,1339.0,1708,1741
498,2018,5,14,1836,119,74,49,1.0,50,1752.0,0.0,-60.0,1692.0,8.0,1.0,1701.0,1808,1836
499,2018,5,15,1718,93,58,42,1.0,49,1730.0,-20.0,0.0,1710.0,0.0,1.0,1711.0,1686,1718
500,2018,5,16,1707,111,73,47,1.0,48,1749.0,0.0,0.0,1749.0,0.0,0.0,1749.0,1677,1707
501,2018,5,17,1666,91,53,38,1.0,42,1447.0,-3.0,0.0,1444.0,8.0,0.0,1452.0,1641,1666
502,2018,5,18,1406,83,45,28,0.0,34,1148.0,-26.0,0.0,1122.0,0.0,0.0,1122.0,1376,1406
503,2018,5,19,1319,85,47,32,1.0,37,1277.0,-9.0,0.0,1268.0,0.0,0.0,1268.0,1294,1319
504,2018,5,20,1603,99,50,27,0.0,31,1097.0,0.0,0.0,1097.0,0.0,0.0,1097.0,1575,1603
505,2018,5,21,1660,109,75,52,1.0,58,2042.0,-58.0,-70.0,1914.0,0.0,0.0,1914.0,1623,1660
506,2018,5,22,1506,116,63,42,1.0,45,1566.0,-3.0,0.0,1564.0,0.0,1.0,1564.0,1487,1506
507,2018,5,23,1504,95,45,26,0.0,33,1154.0,0.0,0.0,1154.0,0.0,0.0,1154.0,1481,1504
508,2018,5,24,1438,77,43,30,0.0,31,1028.0,0.0,0.0,1028.0,11.0,0.0,1039.0,1415,1438
509,2018,5,25,1191,64,34,23,0.0,23,770.0,0.0,0.0,770.0,0.0,0.0,770.0,1174,1191
510,2018,5,26,1193,83,49,31,1.0,31,1094.0,0.0,0.0,1094.0,0.0,0.0,1094.0,1163,1193
511,2018,5,27,1261,56,39,18,0.0,21,720.0,0.0,-25.0,695.0,0.0,0.0,695.0,1241,1261
512,2018,5,28,1543,92,55,30,1.0,34,1199.0,0.0,0.0,1199.0,0.0,0.0,1199.0,1513,1543
513,2018,5,29,1759,114,62,46,1.0,50,1841.0,-17.0,0.0,1824.0,0.0,0.0,1824.0,1733,1759
514,2018,5,30,1878,114,68,49,1.0,54,1920.0,-14.0,0.0,1906.0,0.0,0.0,1906.0,1840,1878
515,2018,5,31,1793,130,73,46,1.0,47,1628.0,-9.0,0.0,1620.0,0.0,0.0,1620.0,1764,1793
516,2018,6,1,1505,96,60,36,1.0,39,1291.0,0.0,-50.0,1241.0,0.0,0.0,1241.0,1482,1505
517,2018,6,2,1510,95,49,32,0.0,38,1236.0,-9.0,-25.0,1202.0,0.0,0.0,1202.0,1485,1510
518,2018,6,3,1735,118,57,42,1.0,47,1564.0,-19.0,-45.0,1501.0,0.0,0.0,1501.0,1711,1735
519,2018,6,4,1751,110,73,48,1.0,50,1740.0,0.0,0.0,1740.0,0.0,0.0,1740.0,1718,1751
520,2018,6,5,1770,117,72,46,1.0,48,1700.0,-9.0,-25.0,1667.0,0.0,1.0,1667.0,1739,1770
521,2018,6,6,1665,109,65,40,1.0,46,1586.0,-36.0,0.0,1549.0,8.0,0.0,1558.0,1626,1665
522,2018,6,7,1548,95,56,28,1.0,33,1187.0,-11.0,-2.0,1174.0,0.0,0.0,1174.0,1521,1548
523,2018,6,8,564,20,15,14,1.0,18,658.0,-40.0,0.0,618.0,0.0,0.0,618.0,551,564
524,2018,6,9,1338,81,40,28,1.0,32,1148.0,-9.0,0.0,1139.0,13.0,0.0,1152.0,1314,1338
525,2018,6,10,1550,93,55,34,1.0,37,1190.0,0.0,0.0,1190.0,11.0,0.0,1201.0,1523,1550
526,2018,6,11,1648,90,55,39,1.0,46,1586.0,-17.0,0.0,1569.0,0.0,0.0,1569.0,1611,1648
527,2018,6,12,1648,122,81,62,1.0,68,2465.0,-12.0,0.0,2453.0,8.0,1.0,2462.0,1613,1648
528,2018,6,13,1590,109,64,40,1.0,42,1367.0,0.0,0.0,1367.0,0.0,1.0,1367.0,1575,1590
529,2018,6,14,1638,121,57,42,1.0,49,1747.0,-22.0,0.0,1725.0,0.0,1.0,1726.0,1606,1638
530,2018,6,15,1417,103,58,35,1.0,42,1302.0,-12.0,-25.0,1265.0,0.0,0.0,1265.0,1388,1417
531,2018,6,16,1262,79,43,31,0.0,34,1186.0,-11.0,0.0,1175.0,0.0,0.0,1175.0,1237,1262
532,2018,6,17,1429,103,58,37,0.0,40,1409.0,-20.0,0.0,1389.0,8.0,0.0,1397.0,1402,1429
533,2018,6,18,1637,120,64,47,1.0,52,1764.0,-26.0,-5.0,1733.0,0.0,1.0,1734.0,1607,1637
534,2018,6,19,1670,119,69,39,1.0,42,1508.0,0.0,-26.0,1481.0,11.0,0.0,1492.0,1636,1670
535,2018,6,20,1547,106,71,50,1.0,57,2017.0,0.0,0.0,2017.0,0.0,0.0,2017.0,1517,1547
536,2018,6,21,1573,107,59,36,1.0,41,1339.0,-6.0,-70.0,1263.0,0.0,0.0,1263.0,1541,1573
537,2018,6,22,1380,101,61,39,1.0,42,1467.0,0.0,0.0,1467.0,0.0,0.0,1467.0,1355,1380
538,2018,6,23,1316,106,65,44,1.0,49,1604.0,-29.0,0.0,1575.0,0.0,0.0,1575.0,1294,1316
539,2018,6,24,1462,76,54,37,1.0,38,1324.0,0.0,-25.0,1299.0,0.0,1.0,1300.0,1435,1462
540,2018,6,25,1703,107,64,52,1.0,52,1697.0,-3.0,0.0,1694.0,0.0,0.0,1694.0,1677,1703
541,2018,6,26,1775,118,74,45,1.0,44,1518.0,-5.0,0.0,1512.0,0.0,0.0,1512.0,1750,1775
542,2018,6,27,1704,101,73,57,1.0,59,2031.0,-29.0,0.0,2002.0,0.0,0.0,2002.0,1677,1704
543,2018,6,28,1625,91,50,28,0.0,28,964.0,-3.0,0.0,961.0,0.0,0.0,961.0,1591,1625
544,2018,6,29,1372,88,53,39,1.0,39,1267.0,0.0,0.0,1267.0,0.0,0.0,1267.0,1349,1372
545,2018,6,30,1419,93,61,44,1.0,45,1487.0,0.0,0.0,1487.0,0.0,0.0,1487.0,1387,1419
546,2018,7,1,1466,102,57,40,1.0,42,1458.0,0.0,0.0,1458.0,0.0,0.0,1458.0,1439,1466
547,2018,7,2,1479,92,49,33,1.0,33,1075.0,0.0,-25.0,1050.0,0.0,0.0,1050.0,1455,1479
548,2018,7,3,1298,78,50,37,1.0,40,1300.0,0.0,0.0,1300.0,0.0,0.0,1300.0,1278,1298
549,2018,7,4,1061,79,46,36,1.0,37,1346.0,-15.0,0.0,1331.0,11.0,0.0,1342.0,1043,1061
550,2018,7,5,1589,124,80,51,1.0,50,1696.0,-9.0,0.0,1688.0,0.0,0.0,1688.0,1564,1589
551,2018,7,6,1453,87,45,29,0.0,31,1003.0,0.0,0.0,1003.0,0.0,0.0,1003.0,1426,1453
552,2018,7,7,1419,97,66,42,1.0,42,1464.0,0.0,0.0,1464.0,0.0,1.0,1464.0,1398,1419
553,2018,7,8,1488,109,72,47,1.0,48,1629.0,-9.0,-33.0,1588.0,0.0,0.0,1588.0,1461,1488
554,2018,7,9,1851,125,83,51,1.0,51,1755.0,-29.0,0.0,1726.0,11.0,0.0,1737.0,1818,1851
555,2018,7,10,1902,117,75,50,1.0,51,1721.0,-3.0,-13.0,1705.0,0.0,0.0,1705.0,1860,1902
556,2018,7,11,1799,118,70,49,1.0,50,1699.0,-19.0,0.0,1680.0,0.0,0.0,1680.0,1773,1799
557,2018,7,12,1707,107,74,45,1.0,45,1475.0,-32.0,0.0,1442.0,8.0,1.0,1451.0,1686,1707
558,2018,7,13,1473,85,64,38,1.0,39,1302.0,0.0,0.0,1302.0,0.0,0.0,1302.0,1442,1473
559,2018,7,14,1298,61,43,30,1.0,30,1097.0,-9.0,0.0,1089.0,0.0,0.0,1089.0,1273,1298
560,2018,7,15,1418,97,50,36,1.0,37,1276.0,0.0,0.0,1276.0,0.0,0.0,1276.0,1398,1418
561,2018,7,16,1715,87,68,36,0.0,35,1194.0,0.0,0.0,1194.0,8.0,1.0,1203.0,1679,1715
562,2018,7,17,2196,139,80,47,0.0,49,1782.0,0.0,0.0,1782.0,0.0,0.0,1782.0,2171,2196
563,2018,7,18,2069,122,73,50,1.0,51,1849.0,0.0,0.0,1849.0,11.0,0.0,1860.0,2025,2069
564,2018,7,19,1911,107,70,49,1.0,50,1799.0,0.0,0.0,1799.0,0.0,0.0,1799.0,1874,1911
565,2018,7,20,1788,113,86,51,1.0,52,1845.0,0.0,-80.0,1765.0,8.0,1.0,1774.0,1761,1788
566,2018,7,21,1558,99,62,42,1.0,42,1501.0,-9.0,0.0,1492.0,0.0,0.0,1492.0,1536,1558
567,2018,7,22,1794,124,64,46,1.0,46,1549.0,-9.0,-6.0,1534.0,0.0,0.0,1534.0,1753,1794
568,2018,7,23,2061,134,88,46,1.0,49,1630.0,-35.0,0.0,1595.0,0.0,0.0,1595.0,2014,2061
569,2018,7,24,1957,134,108,66,1.0,66,2367.0,-64.0,-12.0,2292.0,19.0,2.0,2312.0,1913,1957
570,2018,7,25,2121,136,86,54,1.0,54,1942.0,-20.0,-75.0,1847.0,0.0,0.0,1847.0,2074,2121
571,2018,7,26,1999,146,92,69,1.0,71,2398.0,-32.0,0.0,2366.0,0.0,0.0,2366.0,1966,1999
572,2018,7,27,1998,139,86,59,1.0,60,2019.0,-24.0,0.0,1995.0,0.0,0.0,1995.0,1956,1998
573,2018,7,28,1777,109,64,35,0.0,36,1270.0,-32.0,0.0,1237.0,11.0,0.0,1248.0,1752,1777
574,2018,7,29,1970,120,71,47,1.0,46,1668.0,-9.0,0.0,1660.0,0.0,0.0,1660.0,1926,1970
575,2018,7,30,2323,135,85,62,1.0,63,2270.0,-32.0,0.0,2238.0,0.0,0.0,2238.0,2273,2323
576,2018,7,31,2219,141,102,73,1.0,73,2470.0,-23.0,0.0,2447.0,8.0,2.0,2457.0,2171,2219
577,2018,8,1,2294,140,92,55,0.0,54,1822.0,-47.0,0.0,1775.0,0.0,0.0,1775.0,2229,2294
578,2018,8,2,2157,158,100,58,1.0,60,2089.0,-27.0,0.0,2061.0,0.0,0.0,2061.0,2108,2157
579,2018,8,3,1930,144,98,68,1.0,68,2247.0,-63.0,0.0,2184.0,0.0,0.0,2184.0,1902,1930
580,2018,8,4,1834,118,79,51,1.0,51,1735.0,-35.0,0.0,1700.0,0.0,0.0,1700.0,1797,1834
581,2018,8,5,2053,133,92,60,1.0,60,2142.0,-35.0,0.0,2107.0,0.0,0.0,2107.0,2005,2053
582,2018,8,6,2081,137,93,64,1.0,67,2380.0,-64.0,0.0,2317.0,0.0,0.0,2317.0,2040,2081
583,2018,8,7,2076,131,91,63,1.0,62,2159.0,-35.0,0.0,2124.0,0.0,0.0,2124.0,2029,2076
584,2018,8,8,1972,110,76,52,1.0,54,1974.0,-44.0,0.0,1930.0,0.0,0.0,1930.0,1932,1972
585,2018,8,9,1823,94,55,40,0.0,40,1422.0,-29.0,0.0,1393.0,0.0,0.0,1393.0,1775,1823
586,2018,8,10,1797,115,81,54,1.0,56,1842.0,-36.0,0.0,1806.0,0.0,0.0,1806.0,1767,1797
587,2018,8,11,1800,113,74,49,1.0,50,1735.0,0.0,0.0,1735.0,0.0,0.0,1735.0,1769,1800
588,2018,8,12,1973,117,77,44,1.0,44,1436.0,-10.0,0.0,1426.0,0.0,0.0,1426.0,1942,1973
589,2018,8,13,1973,122,77,54,1.0,54,1950.0,-35.0,-80.0,1835.0,0.0,0.0,1835.0,1938,1973
590,2018,8,14,2026,132,81,55,1.0,56,1956.0,-18.0,0.0,1938.0,0.0,1.0,1939.0,1981,2026
591,2018,8,15,1969,133,88,58,1.0,58,2018.0,-17.0,0.0,2000.0,0.0,0.0,2000.0,1928,1969
592,2018,8,16,1897,115,73,42,0.0,43,1502.0,-9.0,0.0,1493.0,0.0,0.0,1493.0,1857,1897
593,2018,8,17,1713,117,75,55,1.0,57,1898.0,-15.0,0.0,1883.0,0.0,0.0,1883.0,1687,1713
594,2018,8,18,1772,112,72,52,1.0,52,1881.0,0.0,0.0,1881.0,0.0,1.0,1882.0,1738,1772
595,2018,8,19,1968,117,85,48,0.0,47,1683.0,-17.0,0.0,1666.0,0.0,0.0,1666.0,1939,1968
596,2018,8,20,2348,177,108,70,1.0,70,2514.0,-11.0,0.0,2503.0,0.0,0.0,2503.0,2297,2348
597,2018,8,21,2176,132,79,42,0.0,46,1594.0,-9.0,0.0,1586.0,0.0,0.0,1586.0,2133,2176
598,2018,8,22,2108,124,78,44,1.0,44,1615.0,-6.0,-45.0,1563.0,0.0,0.0,1563.0,2080,2108
599,2018,8,23,1966,123,78,50,1.0,51,1855.0,-8.0,0.0,1847.0,0.0,0.0,1847.0,1926,1966
600,2018,8,24,1815,115,83,56,1.0,59,1976.0,-17.0,0.0,1958.0,0.0,1.0,1959.0,1774,1815
601,2018,8,25,1666,92,50,33,0.0,33,1216.0,0.0,0.0,1216.0,0.0,0.0,1216.0,1630,1666
602,2018,8,26,1952,115,89,57,1.0,57,2038.0,0.0,0.0,2038.0,0.0,0.0,2038.0,1903,1952
603,2018,8,27,1861,110,71,42,0.0,45,1482.0,-17.0,0.0,1464.0,0.0,0.0,1464.0,1830,1861
604,2018,8,28,1869,127,80,50,1.0,50,1757.0,-15.0,0.0,1742.0,0.0,0.0,1742.0,1834,1869
605,2018,8,29,1877,110,68,44,1.0,43,1617.0,-4.0,0.0,1612.0,0.0,0.0,1612.0,1843,1877
606,2018,8,30,1892,126,71,45,1.0,48,1550.0,0.0,0.0,1550.0,0.0,0.0,1550.0,1856,1892
607,2018,8,31,1775,101,76,57,1.0,57,2002.0,0.0,0.0,2002.0,8.0,0.0,2010.0,1741,1775
608,2018,9,1,1794,92,52,33,0.0,34,1209.0,0.0,-25.0,1184.0,0.0,0.0,1184.0,1755,1794
609,2018,9,2,1695,100,67,41,0.0,40,1494.0,-9.0,0.0,1486.0,11.0,1.0,1497.0,1657,1695
610,2018,9,3,1817,126,71,51,1.0,55,1893.0,-9.0,0.0,1884.0,0.0,0.0,1884.0,1778,1817
611,2018,9,4,1573,103,63,42,1.0,42,1658.0,0.0,0.0,1658.0,0.0,0.0,1658.0,1538,1573
612,2018,9,5,1263,71,54,39,1.0,39,1344.0,-9.0,-35.0,1300.0,0.0,0.0,1300.0,1228,1263
613,2018,9,6,1214,85,60,41,1.0,40,1469.0,-17.0,0.0,1451.0,0.0,0.0,1451.0,1196,1214
614,2018,9,7,1240,72,52,42,1.0,43,1456.0,0.0,0.0,1456.0,0.0,0.0,1456.0,1210,1240
615,2018,9,8,1237,68,38,29,1.0,29,1025.0,0.0,0.0,1025.0,0.0,0.0,1025.0,1209,1237
616,2018,9,9,1335,81,48,38,1.0,38,1296.0,-40.0,0.0,1256.0,0.0,0.0,1256.0,1312,1335
617,2018,9,10,1170,99,64,45,1.0,45,1626.0,-17.0,0.0,1609.0,0.0,0.0,1609.0,1146,1170
618,2018,9,11,1095,68,43,32,1.0,33,1168.0,-9.0,0.0,1159.0,0.0,0.0,1159.0,1074,1095
619,2018,9,12,1175,86,53,29,1.0,29,956.0,-9.0,0.0,948.0,0.0,0.0,948.0,1133,1175
620,2018,9,13,1056,64,49,34,1.0,33,1184.0,-12.0,0.0,1171.0,0.0,0.0,1171.0,1032,1056
621,2018,9,14,947,75,55,41,1.0,43,1438.0,0.0,0.0,1438.0,0.0,0.0,1438.0,929,947
622,2018,9,15,1000,67,49,34,1.0,34,1133.0,0.0,0.0,1133.0,0.0,0.0,1133.0,980,1000
623,2018,9,16,1213,79,46,28,0.0,29,1020.0,0.0,0.0,1020.0,0.0,0.0,1020.0,1182,1213
624,2018,9,17,1246,71,46,30,0.0,30,947.0,0.0,0.0,947.0,0.0,0.0,947.0,1221,1246
625,2018,9,18,1410,98,57,43,1.0,44,1598.0,-9.0,0.0,1590.0,0.0,1.0,1590.0,1387,1410
626,2018,9,19,1423,103,66,47,1.0,47,1472.0,-6.0,0.0,1465.0,0.0,0.0,1465.0,1408,1423
627,2018,9,20,1413,94,62,39,1.0,40,1282.0,0.0,0.0,1282.0,0.0,0.0,1282.0,1393,1413
628,2018,9,21,1253,87,63,38,1.0,40,1293.0,-16.0,0.0,1276.0,0.0,0.0,1276.0,1231,1253
629,2018,9,22,1174,85,51,29,1.0,29,1144.0,-11.0,-25.0,1108.0,0.0,0.0,1108.0,1158,1174
630,2018,9,23,1399,91,48,31,0.0,34,1180.0,-11.0,0.0,1169.0,0.0,0.0,1169.0,1370,1399
631,2018,9,24,1436,90,64,47,1.0,48,1529.0,0.0,0.0,1529.0,0.0,0.0,1529.0,1410,1436
632,2018,9,25,1406,79,54,37,1.0,38,1232.0,-9.0,0.0,1223.0,0.0,0.0,1223.0,1382,1406
633,2018,9,26,1445,84,55,37,1.0,37,1077.0,-5.0,0.0,1072.0,0.0,0.0,1072.0,1423,1445
634,2018,9,27,1347,90,65,44,1.0,45,1432.0,-5.0,0.0,1428.0,0.0,0.0,1428.0,1325,1347
635,2018,9,28,1170,79,49,39,1.0,39,1295.0,-3.0,0.0,1292.0,0.0,0.0,1292.0,1155,1170
636,2018,9,29,1212,74,45,31,1.0,32,1164.0,0.0,0.0,1164.0,0.0,0.0,1164.0,1193,1212
637,2018,9,30,1409,114,63,37,1.0,39,1336.0,0.0,0.0,1336.0,0.0,0.0,1336.0,1391,1409
638,2018,10,1,1378,84,48,26,0.0,27,900.0,0.0,0.0,900.0,0.0,0.0,900.0,1356,1378
639,2018,10,2,1274,78,57,33,1.0,35,1196.0,0.0,-35.0,1161.0,0.0,0.0,1161.0,1263,1274
640,2018,10,3,1139,76,63,36,1.0,37,1144.0,-19.0,0.0,1125.0,0.0,0.0,1125.0,1126,1139
641,2018,10,4,980,72,43,26,1.0,26,832.0,0.0,0.0,832.0,0.0,0.0,832.0,969,980
642,2018,10,5,849,63,52,32,1.0,31,1114.0,-15.0,0.0,1099.0,0.0,0.0,1099.0,838,849
643,2018,10,6,815,54,36,26,1.0,27,890.0,-9.0,-50.0,831.0,0.0,0.0,831.0,804,815
644,2018,10,7,1087,64,44,29,1.0,30,1084.0,0.0,0.0,1084.0,0.0,0.0,1084.0,1070,1087
645,2018,10,8,1235,74,48,30,0.0,32,1092.0,-20.0,0.0,1072.0,0.0,0.0,1072.0,1221,1235
646,2018,10,9,1236,60,35,26,0.0,27,897.0,-6.0,0.0,891.0,11.0,1.0,902.0,1225,1236
647,2018,10,10,1206,63,42,27,1.0,28,974.0,0.0,0.0,974.0,11.0,0.0,985.0,1191,1206
648,2018,10,11,1227,65,50,28,0.0,28,983.0,0.0,0.0,983.0,0.0,0.0,983.0,1219,1227
649,2018,10,12,1071,46,33,22,0.0,23,740.0,0.0,0.0,740.0,0.0,0.0,740.0,1063,1071
650,2018,10,13,1059,56,34,19,0.0,18,554.0,0.0,-25.0,529.0,0.0,0.0,529.0,1047,1059
651,2018,10,14,1083,71,43,29,1.0,30,997.0,0.0,0.0,997.0,0.0,1.0,998.0,1061,1083
652,2018,10,15,1175,66,45,29,1.0,28,929.0,-6.0,0.0,923.0,0.0,0.0,923.0,1164,1175
653,2018,10,16,1219,56,37,26,1.0,26,885.0,-9.0,0.0,876.0,0.0,0.0,876.0,1200,1219
654,2018,10,17,1224,80,51,30,0.0,31,954.0,-11.0,0.0,943.0,0.0,0.0,943.0,1212,1224
655,2018,10,18,1198,71,40,26,0.0,26,813.0,0.0,0.0,813.0,0.0,0.0,813.0,1182,1198
656,2018,10,19,1175,52,36,24,1.0,24,863.0,-15.0,0.0,848.0,0.0,0.0,848.0,1164,1175
657,2018,10,20,1328,58,29,25,0.0,25,842.0,0.0,0.0,842.0,0.0,0.0,842.0,1312,1328
658,2018,10,21,1475,82,52,26,0.0,25,863.0,0.0,0.0,863.0,0.0,0.0,863.0,1466,1475
659,2018,10,22,1276,69,41,22,0.0,24,793.0,0.0,0.0,793.0,0.0,1.0,794.0,1254,1276
660,2018,10,23,1223,70,43,23,0.0,23,772.0,0.0,0.0,772.0,0.0,1.0,773.0,1213,1223
661,2018,10,24,1685,99,65,40,0.0,41,1408.0,-9.0,0.0,1399.0,0.0,0.0,1399.0,1674,1685
662,2018,10,25,1479,84,60,40,1.0,40,1412.0,-34.0,0.0,1377.0,0.0,0.0,1377.0,1461,1479
663,2018,10,26,1354,71,44,35,1.0,35,1284.0,-8.0,-35.0,1241.0,0.0,1.0,1242.0,1340,1354
664,2018,10,27,1309,89,60,39,1.0,39,1283.0,-9.0,0.0,1274.0,0.0,0.0,1274.0,1294,1309
665,2018,10,28,1618,88,61,41,1.0,42,1291.0,-17.0,0.0,1273.0,0.0,0.0,1273.0,1606,1618
666,2018,10,29,1867,103,66,38,0.0,37,1270.0,0.0,0.0,1270.0,0.0,0.0,1270.0,1842,1867
667,2018,10,30,1810,100,61,29,0.0,33,1119.0,0.0,0.0,1119.0,0.0,0.0,1119.0,1800,1810
668,2018,10,31,1673,93,63,37,1.0,37,1204.0,-5.0,0.0,1199.0,19.0,0.0,1218.0,1652,1673
669,2018,11,1,2012,97,67,43,1.0,44,1936.0,-31.0,-350.0,1555.0,0.0,0.0,1555.0,1987,2012
670,2018,11,2,1705,88,56,40,1.0,40,1422.0,-9.0,-175.0,1238.0,0.0,0.0,1238.0,1673,1705
671,2018,11,3,1489,99,67,40,1.0,39,1327.0,-11.0,0.0,1316.0,0.0,0.0,1316.0,1470,1489
672,2018,11,4,1795,112,72,39,0.0,38,1214.0,-32.0,-25.0,1157.0,0.0,1.0,1158.0,1780,1795
673,2018,11,5,1553,86,55,28,0.0,29,863.0,-9.0,0.0,855.0,0.0,0.0,855.0,1521,1553
674,2018,11,6,1457,83,58,35,1.0,39,1266.0,-17.0,-35.0,1213.0,11.0,0.0,1224.0,1440,1457
675,2018,11,7,1465,71,40,25,1.0,26,902.0,-9.0,0.0,893.0,0.0,0.0,893.0,1452,1465
676,2018,11,8,1390,68,44,28,1.0,30,1044.0,-26.0,0.0,1018.0,0.0,0.0,1018.0,1371,1390
677,2018,11,9,1256,68,51,31,1.0,31,1092.0,-9.0,0.0,1083.0,13.0,0.0,1096.0,1235,1256
678,2018,11,10,1284,52,36,25,1.0,25,848.0,-9.0,0.0,839.0,0.0,0.0,839.0,1264,1284
679,2018,11,11,1358,79,56,35,1.0,35,1137.0,-3.0,0.0,1134.0,0.0,0.0,1134.0,1349,1358
680,2018,11,12,1494,67,33,20,0.0,19,729.0,-22.0,0.0,707.0,0.0,0.0,707.0,1479,1494
681,2018,11,13,1382,55,35,22,0.0,24,890.0,0.0,0.0,890.0,0.0,0.0,890.0,1365,1382
682,2018,11,14,1361,74,47,29,0.0,29,1122.0,0.0,0.0,1122.0,0.0,0.0,1122.0,1336,1361
683,2018,11,15,1245,62,34,25,0.0,25,1227.0,-31.0,-280.0,916.0,0.0,0.0,916.0,1224,1245
684,2018,11,16,1073,66,40,29,1.0,29,959.0,0.0,0.0,959.0,0.0,0.0,959.0,1058,1073
685,2018,11,17,1069,62,38,26,1.0,27,945.0,-9.0,0.0,936.0,0.0,0.0,936.0,1057,1069
686,2018,11,18,1198,69,43,31,1.0,32,1073.0,-5.0,0.0,1068.0,0.0,1.0,1069.0,1184,1198
687,2018,11,19,730,38,23,13,0.0,13,450.0,-11.0,-35.0,404.0,13.0,0.0,417.0,714,730
688,2018,11,20,1156,62,35,21,1.0,20,785.0,0.0,0.0,785.0,0.0,0.0,785.0,1146,1156
689,2018,11,21,998,55,30,19,0.0,21,693.0,0.0,0.0,693.0,0.0,0.0,693.0,985,998
690,2018,11,22,1317,90,64,35,1.0,34,1145.0,-51.0,0.0,1094.0,0.0,0.0,1094.0,1306,1317
691,2018,11,23,2246,316,231,121,1.0,127,4763.0,-1048.0,0.0,3715.0,0.0,0.0,3715.0,2233,2246
692,2018,11,24,1927,182,142,79,1.0,78,2783.0,-548.0,0.0,2234.0,8.0,2.0,2244.0,1897,1927
693,2018,11,25,2235,230,177,90,1.0,91,3352.0,-636.0,0.0,2715.0,8.0,4.0,2728.0,2208,2235
694,2018,11,26,2612,382,315,180,1.0,183,6795.0,-1527.0,0.0,5268.0,8.0,2.0,5279.0,2575,2612
695,2018,11,27,2119,169,145,77,1.0,80,2771.0,-571.0,0.0,2200.0,0.0,0.0,2200.0,2095,2119
696,2018,11,28,2149,176,139,70,1.0,74,2752.0,-593.0,-30.0,2128.0,0.0,2.0,2130.0,2117,2149
697,2018,11,29,1779,159,116,69,1.0,70,2554.0,-492.0,0.0,2062.0,0.0,0.0,2062.0,1756,1779
698,2018,11,30,1492,142,106,55,1.0,54,2240.0,-440.0,0.0,1801.0,0.0,0.0,1801.0,1479,1492
699,2018,12,1,1587,113,84,56,1.0,57,2247.0,-155.0,-20.0,2073.0,0.0,1.0,2073.0,1571,1587
700,2018,12,2,1891,133,93,59,1.0,60,2049.0,-103.0,0.0,1946.0,0.0,0.0,1946.0,1868,1891
701,2018,12,3,1746,120,62,42,1.0,42,1390.0,-47.0,0.0,1343.0,0.0,0.0,1343.0,1720,1746
702,2018,12,4,1810,150,105,70,1.0,72,2520.0,-40.0,0.0,2480.0,0.0,1.0,2481.0,1783,1810
703,2018,12,5,1855,160,112,80,1.0,83,2993.0,-44.0,0.0,2949.0,0.0,0.0,2949.0,1840,1855
704,2018,12,6,1863,138,105,61,1.0,61,2119.0,-68.0,0.0,2051.0,0.0,0.0,2051.0,1847,1863
705,2018,12,7,1627,131,90,65,1.0,65,2326.0,-48.0,-13.0,2265.0,0.0,1.0,2266.0,1603,1627
706,2018,12,8,1694,141,93,63,1.0,65,2372.0,-19.0,0.0,2353.0,0.0,0.0,2353.0,1677,1694
707,2018,12,9,1896,134,86,63,1.0,63,2241.0,-58.0,-38.0,2145.0,0.0,0.0,2145.0,1870,1896
708,2018,12,10,1969,144,97,74,1.0,72,2926.0,-34.0,0.0,2891.0,0.0,0.0,2891.0,1933,1969
709,2018,12,11,1837,153,103,75,1.0,78,3229.0,-79.0,-180.0,2970.0,0.0,0.0,2970.0,1818,1837
710,2018,12,12,1835,136,97,70,1.0,70,2510.0,-50.0,0.0,2460.0,0.0,1.0,2461.0,1811,1835
711,2018,12,13,1840,149,98,70,1.0,71,2764.0,-79.0,0.0,2685.0,8.0,0.0,2693.0,1827,1840
712,2018,12,14,1558,124,84,61,1.0,62,2187.0,-50.0,0.0,2136.0,0.0,0.0,2136.0,1548,1558
713,2018,12,15,1662,144,90,64,1.0,63,2310.0,-11.0,0.0,2299.0,0.0,1.0,2300.0,1644,1662
714,2018,12,16,2090,176,110,71,1.0,75,2813.0,-22.0,-25.0,2766.0,0.0,1.0,2767.0,2074,2090
715,2018,12,17,2179,174,122,86,1.0,87,3119.0,-37.0,0.0,3082.0,0.0,0.0,3082.0,2145,2179
716,2018,12,18,2006,161,130,84,1.0,82,2855.0,-17.0,0.0,2838.0,0.0,0.0,2838.0,1984,2006
717,2018,12,19,1921,157,89,59,1.0,64,2252.0,-48.0,-13.0,2191.0,0.0,0.0,2191.0,1906,1921
718,2018,12,20,1739,132,89,51,1.0,51,1942.0,0.0,0.0,1942.0,0.0,0.0,1942.0,1727,1739
719,2018,12,21,1591,126,86,55,1.0,56,1906.0,-25.0,0.0,1881.0,0.0,0.0,1881.0,1577,1591
720,2018,12,22,1514,107,68,40,1.0,42,1732.0,-51.0,0.0,1681.0,0.0,0.0,1681.0,1498,1514
721,2018,12,23,1532,122,76,44,1.0,44,1541.0,-31.0,0.0,1510.0,0.0,0.0,1510.0,1517,1532
722,2018,12,24,1234,82,45,27,1.0,28,902.0,-10.0,0.0,891.0,0.0,0.0,891.0,1223,1234
723,2018,12,25,1761,140,82,40,0.0,40,1337.0,-19.0,0.0,1318.0,0.0,0.0,1318.0,1742,1761
724,2018,12,26,1345,100,71,43,1.0,43,1525.0,-27.0,-1.0,1497.0,0.0,0.0,1497.0,1325,1345
725,2018,12,27,2019,166,110,62,1.0,62,2117.0,-28.0,0.0,2089.0,0.0,0.0,2089.0,2002,2019
726,2018,12,28,2069,162,100,55,1.0,57,1963.0,-48.0,0.0,1915.0,0.0,0.0,1915.0,2045,2069
727,2018,12,29,2071,174,124,77,1.0,77,2575.0,-62.0,0.0,2513.0,0.0,0.0,2513.0,2042,2071
728,2018,12,30,2021,144,81,51,1.0,51,1681.0,-40.0,0.0,1641.0,11.0,0.0,1652.0,1997,2021
729,2018,12,31,1534,99,66,37,1.0,38,1301.0,-52.0,0.0,1249.0,0.0,0.0,1249.0,1516,1534
